Name,DIST,Z
SUB12,0,275
SUB12,20,275
SUB12,40,275
SUB12,60,275
SUB12,80,275
SUB12,100,275
SUB12,128.2842713,273
SUB12,156.5685425,268
SUB12,176.5685425,265
SUB12,204.8528137,262
SUB12,233.137085,257
SUB12,253.137085,256
SUB12,273.137085,254
SUB12,301.4213562,254
SUB12,321.4213562,253
SUB12,341.4213562,253
SUB12,369.7056275,252
SUB12,389.7056275,252
SUB12,409.7056275,252
SUB12,429.7056275,250
SUB12,457.9898987,248
SUB12,486.27417,249
SUB12,514.5584412,248
SUB12,534.5584412,246
SUB12,562.8427125,244
SUB12,591.1269837,243
SUB12,611.1269837,243
SUB12,631.1269837,241
SUB12,659.411255,241
SUB12,679.411255,241
SUB12,707.6955262,238
SUB12,735.9797975,236
SUB12,755.9797975,235
SUB12,784.2640687,235
SUB12,804.2640687,234
SUB12,832.54834,232
SUB12,860.8326112,228
SUB12,880.8326112,227
SUB12,909.1168825,226
SUB12,929.1168825,225
SUB12,949.1168825,224
SUB12,969.1168825,225
SUB12,997.4011537,218
SUB12,1025.685425,215
SUB12,1053.969696,212
SUB12,1082.253967,211
SUB12,1102.253967,211
SUB12,1130.538239,211
SUB12,1150.538239,211
SUB12,1178.82251,201
SUB12,1198.82251,201
SUB12,1227.106781,193
SUB12,1247.106781,191
SUB12,1275.391052,189
SUB12,1295.391052,188
SUB12,1315.391052,188
SUB12,1343.675324,188
SUB12,1363.675324,187
SUB12,1383.675324,187
SUB12,1403.675324,187
SUB12,1423.675324,186
SUB12,1443.675324,186
SUB12,1463.675324,185
SUB12,1483.675324,185
SUB12,1503.675324,184
SUB12,1523.675324,184
SUB12,1543.675324,184
SUB12,1563.675324,183
SUB12,1583.675324,183
SUB12,1603.675324,183
SUB12,1623.675324,183
SUB12,1651.959595,182
SUB12,1680.243866,182
SUB12,1708.528137,181
SUB12,1736.812409,181
SUB12,1765.09668,181
SUB12,1793.380951,180
SUB12,1813.380951,180
SUB12,1833.380951,180
SUB12,1861.665222,179
SUB12,1889.949494,179
SUB12,1918.233765,179
SUB12,1946.518036,179
SUB12,1966.518036,179
SUB12,1986.518036,178
SUB12,2006.518036,178
SUB12,2026.518036,178
SUB12,2046.518036,178
SUB12,2066.518036,178
SUB12,2094.802307,177
SUB12,2114.802307,177
SUB12,2143.086579,177
SUB12,2163.086579,177
SUB12,2191.37085,177
SUB12,2211.37085,177
SUB12,2239.655121,177
SUB12,2259.655121,177
SUB12,2279.655121,176
SUB12,2299.655121,176
SUB12,2319.655121,175
SUB12,2347.939392,175
SUB12,2376.223664,175
SUB12,2396.223664,175
SUB12,2424.507935,174
SUB12,2444.507935,175
SUB12,2464.507935,175
SUB12,2484.507935,174
SUB12,2504.507935,174
SUB12,2524.507935,174
SUB12,2544.507935,174
SUB12,2572.792206,174
SUB12,2601.076477,173
SUB12,2629.360749,173
SUB12,2657.64502,173
SUB12,2677.64502,173
SUB12,2705.929291,173
SUB12,2734.213562,172
SUB12,2762.497834,172
SUB12,2790.782105,172
SUB12,2810.782105,172
SUB12,2839.066376,172
SUB12,2867.350647,172
SUB12,2895.634919,171
SUB12,2923.91919,171
SUB12,2952.203461,171
SUB12,2972.203461,171
SUB12,2992.203461,171
SUB12,3012.203461,171
SUB12,3032.203461,171
SUB12,3060.487732,171
SUB12,3080.487732,170
SUB12,3100.487732,170
SUB12,3128.772004,170
SUB12,3148.772004,170
SUB12,3168.772004,170
SUB12,3188.772004,169
SUB12,3208.772004,169
SUB12,3228.772004,169
SUB12,3248.772004,169
SUB12,3277.056275,169
SUB12,3297.056275,169
SUB12,3317.056275,169
SUB12,3337.056275,169
SUB12,3357.056275,169
SUB12,3377.056275,168
SUB12,3397.056275,168
SUB12,3417.056275,168
SUB12,3445.340546,168
SUB12,3465.340546,168
SUB12,3493.624817,168
SUB12,3521.909089,168
SUB12,3550.19336,168
SUB12,3570.19336,168
SUB12,3598.477631,168
SUB12,3618.477631,168
SUB12,3646.761902,168
SUB12,3666.761902,168
SUB12,3686.761902,168
SUB12,3706.761902,167
SUB12,3735.046174,167
SUB12,3763.330445,167
SUB12,3783.330445,167
SUB12,3811.614716,167
SUB12,3839.898987,167
SUB12,3868.183259,167
SUB12,3896.46753,166
SUB12,3916.46753,166
SUB12,3936.46753,166
SUB12,3964.751801,166
SUB12,3984.751801,166
SUB12,4013.036072,166
SUB12,4033.036072,166
SUB12,4053.036072,166
SUB12,4073.036072,166
SUB12,4101.320344,166
SUB12,4129.604615,166
SUB12,4157.888886,166
SUB12,4177.888886,166
SUB12,4197.888886,165
SUB12,4217.888886,165
SUB12,4246.173157,165
SUB12,4274.457429,165
SUB12,4302.7417,165
SUB12,4322.7417,165
SUB12,4342.7417,165
SUB12,4371.025971,165
SUB12,4399.310242,165
SUB12,4427.594514,165
SUB12,4455.878785,164
SUB12,4475.878785,164
SUB12,4495.878785,164
SUB12,4515.878785,164
SUB12,4544.163056,164
SUB12,4564.163056,164
SUB12,4592.447327,164
SUB12,4620.731599,163
SUB12,4622.411142,163
SUB12,4640.731599,163
SUB12,4660.731599,163
SUB12,4680.731599,163
SUB12,4700.731599,163
SUB12,4729.01587,163
SUB12,4757.300141,163
SUB12,4785.584412,163
SUB12,4805.584412,162
SUB12,4825.584412,163
SUB12,4845.584412,163
SUB12,4865.584412,163
SUB12,4885.584412,163
SUB12,4913.868684,163
SUB12,4942.152955,162
SUB12,4962.152955,162
SUB12,4982.152955,162
SUB12,5002.152955,162
SUB12,5030.437226,162
SUB12,5050.437226,162
SUB12,5070.437226,162
SUB12,5098.721497,162
SUB12,5118.721497,162
SUB12,5138.721497,162
SUB12,5158.721497,162
SUB12,5178.721497,162
SUB12,5207.005769,162
SUB12,5235.29004,162
SUB12,5255.29004,162
SUB12,5275.29004,162
SUB12,5295.29004,162
SUB12,5315.29004,161
SUB12,5335.29004,161
SUB12,5355.29004,161
SUB12,5375.29004,161
SUB12,5395.29004,161
SUB12,5415.29004,161
SUB12,5443.574311,161
SUB12,5471.858582,161
SUB12,5500.142854,161
SUB12,5528.427125,160
SUB12,5548.427125,160
SUB12,5568.427125,160
SUB12,5588.427125,160
SUB12,5616.711396,160
SUB12,5644.995667,160
SUB12,5664.995667,160
SUB12,5693.279939,160
SUB12,5721.56421,160
SUB12,5749.848481,160
SUB12,5769.848481,160
SUB12,5798.132752,159
SUB12,5826.417024,159
SUB12,5854.701295,159
SUB12,5882.985566,159
SUB12,5911.269837,159
SUB12,5939.554109,159
SUB12,5959.554109,159
SUB12,5987.83838,159
SUB12,6016.122651,159
SUB12,6036.122651,159
SUB12,6056.122651,159
SUB12,6076.122651,159
SUB12,6096.122651,159
SUB12,6124.406922,158
SUB12,6152.691194,158
SUB12,6172.691194,158
SUB12,6192.691194,158
SUB12,6220.975465,158
SUB12,6240.975465,158
SUB12,6269.259736,158
SUB12,6289.259736,158
SUB12,6309.259736,158
SUB12,6337.544007,157
SUB12,6365.828278,157
SUB12,6385.828278,157
SUB12,6405.828278,157
SUB12,6425.828278,157
SUB12,6445.828278,157
SUB12,6465.828278,157
SUB12,6485.828278,157
SUB12,6505.828278,157
SUB12,6525.828278,157
SUB12,6554.11255,157
SUB12,6582.396821,157
SUB12,6610.681092,156
SUB12,6630.681092,156
SUB12,6650.681092,156
SUB12,6678.965363,156
SUB12,6707.249635,156
SUB12,6735.533906,156
SUB12,6755.533906,156
SUB12,6775.533906,156
SUB12,6795.533906,156
SUB12,6815.533906,156
SUB12,6835.533906,156
SUB12,6855.533906,156
SUB12,6875.533906,155
SUB12,6895.533906,155
SUB12,6923.818177,155
SUB12,6943.818177,155
SUB12,6972.102448,155
SUB12,7000.38672,155
SUB12,7028.670991,155
SUB12,7056.955262,155
SUB12,7076.955262,155
SUB12,7096.955262,155
SUB12,7116.955262,155
SUB12,7145.239533,155
SUB12,7165.239533,155
SUB12,7193.523805,154
SUB12,7221.808076,154
SUB12,7241.808076,154
SUB12,7270.092347,154
SUB12,7290.092347,154
SUB12,7310.092347,154
SUB12,7338.376618,154
SUB12,7366.66089,154
SUB12,7394.945161,154
SUB12,7423.229432,154
SUB12,7451.513703,154
SUB12,7479.797975,154
SUB12,7508.082246,154
SUB12,7536.366517,154
SUB12,7564.650788,154
SUB12,7584.650788,154
SUB12,7604.650788,153
SUB12,7624.650788,153
SUB12,7652.93506,153
SUB12,7672.93506,153
SUB12,7692.93506,153
SUB12,7721.219331,153
SUB12,7749.503602,153
SUB12,7769.503602,153
SUB12,7789.503602,153
SUB12,7817.787873,153
SUB12,7837.787873,153
SUB12,7857.787873,153
SUB12,7877.787873,153
SUB12,7897.787873,153
SUB12,7926.072145,152
SUB12,7954.356416,152
SUB12,7982.640687,152
SUB12,8002.640687,152
SUB12,8022.640687,152
SUB12,8050.924958,152
SUB12,8079.20923,152
SUB12,8107.493501,152
SUB12,8135.777772,152
SUB12,8155.777772,152
SUB12,8184.062043,152
SUB12,8212.346315,152
SUB12,8232.346315,152
SUB12,8260.630586,151
SUB12,8288.914857,151
SUB12,8317.199128,151
SUB12,8345.4834,151
SUB12,8373.767671,151
SUB12,8402.051942,151
SUB12,8430.336213,151
SUB12,8458.620485,151
SUB12,8486.904756,151
SUB12,8506.904756,151
SUB12,8535.189027,151
SUB12,8555.189027,151
SUB12,8583.473298,150
SUB12,8603.473298,150
SUB12,8631.75757,150
SUB12,8651.75757,150
SUB12,8680.041841,150
SUB12,8708.326112,150
SUB12,8736.610383,150
SUB12,8764.894655,150
SUB12,8784.894655,150
SUB12,8804.894655,150
SUB12,8824.894655,150
SUB12,8853.178926,150
SUB12,8881.463197,150
SUB12,8901.463197,150
SUB12,8929.747468,150
SUB12,8949.747468,150
SUB12,8969.747468,150
SUB12,8989.747468,150
SUB12,9009.747468,150
SUB12,9038.03174,150
SUB12,9066.316011,150
SUB12,9094.600282,149
SUB12,9122.884553,149
SUB12,9151.168825,149
SUB12,9171.168825,149
SUB12,9199.453096,149
SUB12,9219.453096,149
SUB12,9239.453096,149
SUB12,9259.453096,149
SUB12,9279.453096,149
SUB12,9307.737367,149
SUB12,9327.737367,149
SUB12,9347.737367,149
SUB12,9376.021638,149
SUB12,9404.30591,149
SUB12,9432.590181,149
SUB12,9460.874452,149
SUB12,9489.158723,149
SUB12,9517.442995,148
SUB12,9545.727266,148
SUB12,9574.011537,148
SUB12,9602.295808,148
SUB12,9630.58008,148
SUB12,9650.58008,148
SUB12,9670.58008,148
SUB12,9698.864351,148
SUB12,9718.864351,148
SUB12,9747.148622,148
SUB12,9775.432893,148
SUB12,9803.717165,148
SUB12,9832.001436,148
SUB12,9860.285707,148
SUB12,9888.569978,148
SUB12,9916.85425,148
SUB12,9945.138521,148
SUB12,9965.138521,148
SUB12,9993.422792,147
SUB12,10013.42279,147
SUB12,10033.42279,147
SUB12,10053.42279,147
SUB12,10073.42279,147
SUB12,10101.70706,147
SUB12,10121.70706,147
SUB12,10149.99133,147
SUB12,10178.27561,147
SUB12,10198.27561,147
SUB12,10218.27561,147
SUB12,10238.27561,147
SUB12,10266.55988,147
SUB12,10286.55988,147
SUB12,10306.55988,147
SUB12,10334.84415,147
SUB12,10354.84415,147
SUB12,10383.12842,147
SUB12,10403.12842,147
SUB12,10423.12842,147
SUB12,10451.41269,147
SUB12,10471.41269,147
SUB12,10491.41269,147
SUB12,10519.69696,147
SUB12,10547.98123,147
SUB12,10567.98123,147
SUB12,10587.98123,147
SUB12,10607.98123,147
SUB12,10627.98123,147
SUB12,10647.98123,147
SUB12,10667.98123,147
SUB12,10687.98123,146
SUB12,10707.98123,146
SUB12,10727.98123,146
SUB12,10747.98123,146
SUB12,10767.98123,146
SUB12,10796.2655,146
SUB12,10816.2655,146
SUB12,10836.2655,146
SUB12,10864.54978,146
SUB12,10892.83405,146
SUB12,10921.11832,146
SUB12,10949.40259,146
SUB12,10977.68686,146
SUB12,11005.97113,146
SUB12,11034.2554,146
SUB12,11062.53967,145
SUB12,11082.53967,145
SUB12,11110.82395,145
SUB12,11130.82395,145
SUB12,11150.82395,145
SUB12,11179.10822,145
SUB12,11199.10822,145
SUB12,11219.10822,145
SUB12,11247.39249,145
SUB12,11267.39249,145
SUB12,11287.39249,145
SUB12,11307.39249,145
SUB12,11327.39249,145
SUB12,11347.39249,145
SUB12,11367.39249,145
SUB12,11387.39249,145
SUB12,11415.67676,145
SUB12,11435.67676,145
SUB12,11455.67676,145
SUB12,11483.96103,145
SUB12,11512.2453,144.9833832
SUB12,11540.52957,144.6745453
SUB12,11568.81384,144.3470764
SUB12,11597.09812,144.0206604
SUB12,11617.09812,143.9002838
SUB12,11645.38239,143.6168518
SUB12,11665.38239,143.4711151
SUB12,11685.38239,143.3416443
SUB12,11713.66666,143.1662445
SUB12,11733.66666,143.1329651
SUB12,11761.95093,143.262619
SUB12,11781.95093,143.4202576
SUB12,11801.95093,143.614212
SUB12,11821.95093,143.8313599
SUB12,11850.2352,143.9585114
SUB12,11870.2352,144
SUB12,11898.51947,144
SUB12,11918.51947,144
SUB12,11938.51947,144
SUB12,11966.80374,144
SUB12,11995.08801,144
SUB12,12023.37229,144
SUB12,12051.65656,144
SUB12,12079.94083,144
SUB12,12108.2251,144
SUB12,12136.50937,144
SUB12,12156.50937,144
SUB12,12176.50937,144
SUB12,12204.79364,144
SUB12,12233.07791,144
SUB12,12261.36218,144
SUB12,12281.36218,144
SUB12,12301.36218,144
SUB12,12329.64646,143
SUB12,12357.93073,143
SUB12,12386.215,143
SUB12,12406.215,143
SUB12,12426.215,143
SUB12,12454.49927,143
SUB12,12482.78354,143
SUB12,12511.06781,143
SUB12,12539.35208,143
SUB12,12567.63635,143
SUB12,12595.92063,143
SUB12,12615.92063,143
SUB12,12644.2049,143
SUB12,12664.2049,143
SUB12,12692.48917,143
SUB12,12712.48917,143
SUB12,12732.48917,143
SUB12,12752.48917,143
SUB12,12772.48917,143
SUB12,12792.48917,143
SUB12,12812.48917,142
SUB12,12840.77344,142
SUB12,12869.05771,142
SUB12,12897.34198,142
SUB12,12925.62625,142
SUB12,12953.91052,142
SUB12,12973.91052,142
SUB12,12993.91052,142
SUB12,13013.91052,142
SUB12,13042.1948,142
SUB12,13070.47907,142
SUB12,13098.76334,141.9880371
SUB12,13127.04761,141.9102173
SUB12,13147.04761,141.8728333
SUB12,13167.04761,141.8354492
SUB12,13187.04761,141.7980652
SUB12,13207.04761,141.7609253
SUB12,13227.04761,141.7241974
SUB12,13247.04761,141.6874695
SUB12,13267.04761,141.6507263
SUB12,13287.04761,141.6139984
SUB12,13307.04761,141.5772705
SUB12,13327.04761,141.5405426
SUB12,13347.04761,141.5038147
SUB12,13367.04761,141.4670715
SUB12,13387.04761,141.4303436
SUB12,13407.04761,141.3936157
SUB12,13427.04761,141.3568878
SUB12,13447.04761,141.3201447
SUB12,13467.04761,141.2834168
SUB12,13495.33188,141.2292175
SUB12,13515.33188,141.18927
SUB12,13535.33188,141.1493378
SUB12,13555.33188,141.1094055
SUB12,13575.33188,141.0699463
SUB12,13595.33188,141.0377045
SUB12,13623.61615,140.9917145
SUB12,13643.61615,140.9685516
SUB12,13663.61615,140.9453888
SUB12,13683.61615,140.9222412
SUB12,13703.61615,140.8990784
SUB12,13723.61615,140.8759308
SUB12,13743.61615,140.8527679
SUB12,13763.61615,140.8296204
SUB12,13783.61615,140.8064575
SUB12,13803.61615,140.7833099
SUB12,13823.61615,140.7601471
SUB12,13843.61615,140.7369843
SUB12,13863.61615,140.7138367
SUB12,13883.61615,140.6906738
SUB12,13903.61615,140.6675263
SUB12,13923.61615,140.6443634
SUB12,13943.61615,140.6212006
SUB12,13963.61615,140.598053
SUB12,13983.61615,140.5748901
SUB12,14003.61615,140.5517426
SUB12,14023.61615,140.5309601
SUB12,14043.61615,140.5110016
SUB12,14063.61615,140.4910584
SUB12,14083.61615,140.4710999
SUB12,14103.61615,140.4511566
SUB12,14123.61615,140.4311981
SUB12,14143.61615,140.4112396
SUB12,14163.61615,140.3912964
SUB12,14183.61615,140
SUB12,14203.61615,140
SUB12,14223.61615,140
SUB12,14251.90042,140
SUB12,14280.18469,140
SUB12,14308.46897,140
SUB12,14336.75324,140
SUB12,14365.03751,140
SUB12,14393.32178,140
SUB12,14421.60605,140
SUB12,14449.89032,140
SUB12,14478.17459,140
SUB12,14498.17459,140
SUB12,14526.45886,139.9718781
SUB12,14546.45886,139.9056091
SUB12,14566.45886,139.8396454
SUB12,14594.74314,139.7808991
SUB12,14623.02741,139.7248993
SUB12,14643.02741,139
SUB12,14671.31168,139
SUB12,14699.59595,139.6107788
SUB12,14719.59595,139
SUB12,14739.59595,139
SUB3,0,564
SUB3,20,558
SUB3,40,558
SUB3,60,552
SUB3,80,546
SUB3,100,546
SUB3,120,544
SUB3,140,544
SUB3,160,542
SUB3,180,542
SUB3,200,541
SUB3,220,537
SUB3,240,536
SUB3,260,531
SUB3,280,531
SUB3,300,523
SUB3,320,510
SUB3,340,510
SUB3,360,504
SUB3,380,500
SUB3,400,500
SUB3,420,494
SUB3,440,491
SUB3,460,491
SUB3,488.2842713,490
SUB3,508.2842713,488
SUB3,528.2842713,488
SUB3,548.2842713,485
SUB3,568.2842713,484
SUB3,588.2842713,484
SUB3,608.2842713,484
SUB3,628.2842713,485
SUB3,648.2842713,485
SUB3,668.2842713,483
SUB3,688.2842713,482
SUB3,716.5685425,482
SUB3,736.5685425,482
SUB3,756.5685425,480
SUB3,776.5685425,480
SUB3,804.8528137,479
SUB3,824.8528137,478
SUB3,844.8528137,478
SUB3,864.8528137,475
SUB3,893.137085,474
SUB3,913.137085,474
SUB3,933.137085,474
SUB3,961.4213562,474
SUB3,981.4213562,476
SUB3,1009.705628,476
SUB3,1029.705628,476
SUB3,1049.705628,476
SUB3,1069.705628,473
SUB3,1089.705628,473
SUB3,1117.989899,467
SUB3,1137.989899,464
SUB3,1157.989899,460
SUB3,1177.989899,460
SUB3,1197.989899,458
SUB3,1217.989899,458
SUB3,1237.989899,457
SUB3,1257.989899,456
SUB3,1277.989899,456
SUB3,1306.27417,454
SUB3,1326.27417,453
SUB3,1346.27417,453
SUB3,1366.27417,453
SUB3,1386.27417,452
SUB3,1406.27417,452
SUB3,1426.27417,452
SUB3,1454.558441,450
SUB3,1474.558441,451
SUB3,1494.558441,451
SUB3,1522.842713,450
SUB3,1542.842713,448
SUB3,1571.126984,448
SUB3,1599.411255,450
SUB3,1619.411255,450
SUB3,1639.411255,449
SUB3,1659.411255,449
SUB3,1679.411255,448
SUB3,1699.411255,448
SUB3,1727.695526,448
SUB3,1747.695526,448
SUB3,1767.695526,446
SUB3,1787.695526,445
SUB3,1807.695526,445
SUB3,1827.695526,445
SUB3,1855.979798,443
SUB3,1875.979798,443
SUB3,1895.979798,442
SUB3,1915.979798,442
SUB3,1935.979798,440
SUB3,1955.979798,439
SUB3,1984.264069,439
SUB3,2012.54834,441
SUB3,2032.54834,441
SUB3,2060.832611,439
SUB3,2080.832611,439
SUB3,2109.116883,436
SUB3,2129.116883,436
SUB3,2157.401154,436
SUB3,2177.401154,436
SUB3,2205.685425,436
SUB3,2233.969696,435
SUB3,2253.969696,433
SUB3,2273.969696,432
SUB3,2293.969696,432
SUB3,2322.253967,431
SUB3,2342.253967,430
SUB3,2362.253967,430
SUB3,2382.253967,430
SUB3,2410.538239,430
SUB3,2430.538239,430
SUB3,2450.538239,430
SUB3,2470.538239,431
SUB3,2490.538239,431
SUB3,2518.82251,431
SUB3,2547.106781,430
SUB3,2567.106781,429
SUB3,2587.106781,429
SUB3,2615.391052,429
SUB3,2635.391052,428
SUB3,2655.391052,428
SUB3,2683.675324,427
SUB3,2711.959595,428
SUB3,2740.243866,428
SUB3,2768.528137,427
SUB3,2788.528137,425
SUB3,2816.812409,426
SUB3,2836.812409,426
SUB3,2856.812409,425
SUB3,2876.812409,424
SUB3,2896.812409,424
SUB3,2916.812409,423
SUB3,2936.812409,422
SUB3,2956.812409,422
SUB3,2976.812409,421
SUB3,2996.812409,421
SUB3,3016.812409,419
SUB3,3045.09668,419
SUB3,3065.09668,419
SUB3,3085.09668,418
SUB3,3105.09668,417
SUB3,3125.09668,417
SUB3,3153.380951,416
SUB3,3173.380951,416
SUB3,3193.380951,415
SUB3,3221.665222,415
SUB3,3241.665222,415
SUB3,3269.949494,415
SUB3,3298.233765,414
SUB3,3326.518036,413
SUB3,3346.518036,412
SUB3,3366.518036,410
SUB3,3386.518036,410
SUB3,3406.518036,409
SUB3,3434.802307,409
SUB3,3454.802307,410
SUB3,3474.802307,410
SUB3,3494.802307,410
SUB3,3523.086579,410
SUB3,3551.37085,410
SUB3,3579.655121,408
SUB3,3599.655121,409
SUB3,3627.939392,408
SUB3,3647.939392,408
SUB3,3676.223664,408
SUB3,3696.223664,408
SUB3,3724.507935,409
SUB3,3752.792206,409
SUB3,3781.076477,409
SUB3,3809.360749,409
SUB3,3837.64502,409
SUB3,3857.64502,407
SUB3,3885.929291,407
SUB3,3905.929291,408
SUB3,3934.213562,408
SUB3,3954.213562,409
SUB3,3982.497834,409
SUB3,4002.497834,410
SUB3,4030.782105,410
SUB3,4059.066376,408
SUB3,4079.066376,406
SUB3,4107.350647,404
SUB3,4135.634919,404
SUB3,4155.634919,407
SUB3,4183.91919,407
SUB3,4203.91919,407
SUB3,4232.203461,406
SUB3,4252.203461,406
SUB3,4272.203461,405
SUB3,4300.487732,405
SUB3,4320.487732,404
SUB3,4340.487732,403
SUB3,4368.772004,403
SUB3,4397.056275,404
SUB3,4425.340546,405
SUB3,4453.624817,405
SUB3,4481.909089,403
SUB3,4501.909089,400
SUB3,4521.909089,399
SUB3,4541.909089,399
SUB3,4561.909089,399
SUB3,4581.909089,399
SUB3,4601.909089,399
SUB3,4621.909089,399
SUB3,4641.909089,398
SUB3,4670.19336,399
SUB3,4690.19336,398
SUB3,4710.19336,397
SUB3,4738.477631,399
SUB3,4766.761902,398
SUB3,4795.046174,399
SUB3,4823.330445,399
SUB3,4851.614716,397
SUB3,4879.898987,397
SUB3,4899.898987,396
SUB7,0,667.8269653
SUB7,20,665.168335
SUB7,40,665
SUB7,68.28427125,665
SUB7,88.28427125,665
SUB7,116.5685425,664.1931152
SUB7,144.8528137,659.0582886
SUB7,164.8528137,654.4168091
SUB7,184.8528137,648.6630859
SUB7,213.137085,635.789917
SUB7,241.4213562,623.0962524
SUB7,269.7056275,614.0963745
SUB7,297.9898987,606.2124634
SUB7,326.27417,599.4058838
SUB7,354.5584412,590.3086548
SUB7,382.8427125,581.8056641
SUB7,411.1269837,576.3036499
SUB7,431.1269837,567.6796265
SUB7,459.411255,561.4506226
SUB7,479.411255,557.2718506
SUB7,507.6955262,555
SUB7,527.6955262,555
SUB7,555.9797975,555
SUB7,584.2640687,555
SUB7,604.2640687,555
SUB7,632.54834,555
SUB7,652.54834,555
SUB7,680.8326112,555
SUB7,709.1168825,555
SUB7,737.4011537,554.6969605
SUB7,765.685425,547.9432373
SUB7,785.685425,545.1585083
SUB7,813.9696962,545
SUB7,842.2539674,544.8435059
SUB7,870.5382387,541.8341675
SUB7,898.8225099,538.6141357
SUB7,927.1067812,535.4839478
SUB7,955.3910524,535
SUB7,983.6753237,535
SUB7,1011.959595,535
SUB7,1040.243866,535
SUB7,1060.243866,535
SUB7,1080.243866,535
SUB7,1100.243866,535
SUB7,1128.528137,535
SUB7,1148.528137,535
SUB7,1168.528137,535
SUB7,1188.528137,535
SUB7,1208.528137,535
SUB7,1228.528137,535
SUB7,1248.528137,535
SUB7,1268.528137,534.187439
SUB7,1296.812409,530.1017456
SUB7,1316.812409,526.3589478
SUB7,1336.812409,525.0491943
SUB7,1356.812409,525
SUB7,1376.812409,525
SUB7,1396.812409,525
SUB7,1416.812409,525
SUB7,1436.812409,525
SUB7,1456.812409,525
SUB7,1485.09668,525
SUB7,1505.09668,525
SUB7,1525.09668,525
SUB7,1553.380951,525
SUB7,1581.665222,525
SUB7,1609.949494,525
SUB7,1638.233765,525
SUB7,1658.233765,525
SUB7,1686.518036,525
SUB7,1714.802307,525
SUB7,1743.086579,525
SUB7,1763.086579,525
SUB7,1783.086579,525
SUB7,1811.37085,525
SUB7,1839.655121,525
SUB7,1867.939392,525
SUB7,1896.223664,524.9143066
SUB7,1916.223664,522.8269653
SUB7,1936.223664,519.8981934
SUB7,1956.223664,516.9782715
SUB7,1976.223664,515.4240112
SUB7,2004.507935,515
SUB7,2032.792206,515.0703125
SUB7,2061.076477,515
SUB7,2089.360749,515.0178833
SUB7,2109.360749,515
SUB7,2129.360749,515
SUB7,2157.64502,515
SUB7,2185.929291,515
SUB7,2205.929291,515
SUB7,2234.213562,515
SUB7,2262.497834,515
SUB7,2290.782105,515
SUB7,2319.066376,515
SUB7,2347.350647,515
SUB7,2367.350647,515
SUB7,2387.350647,515
SUB7,2407.350647,515
SUB7,2427.350647,515
SUB7,2455.634919,515
SUB7,2483.91919,514.5888672
SUB7,2512.203461,510.059082
SUB7,2532.203461,505.2085266
SUB7,2552.203461,505.0104065
SUB7,2572.203461,505.2171936
SUB7,2600.487732,505
SUB7,2620.487732,505
SUB7,2640.487732,505
SUB7,2668.772004,505
SUB7,2688.772004,505
SUB7,2708.772004,505
SUB7,2728.772004,505
SUB7,2748.772004,505
SUB7,2768.772004,505
SUB7,2797.056275,505
SUB7,2817.056275,505
SUB7,2837.056275,505
SUB7,2857.056275,505
SUB7,2885.340546,505
SUB7,2913.624817,505
SUB7,2941.909089,505
SUB7,2970.19336,505
SUB7,2998.477631,505
SUB7,3026.761902,505
SUB7,3046.761902,505
SUB7,3075.046174,505
SUB7,3095.046174,505
SUB7,3123.330445,504.9956055
SUB7,3143.330445,502.0202942
SUB7,3171.614716,496.5494385
SUB7,3191.614716,495.34552
SUB7,3219.898987,495
SUB7,3248.183259,495
SUB7,3276.46753,495
SUB7,3304.751801,492.5395508
SUB7,3324.751801,486.5989685
SUB7,3344.751801,485.0564575
SUB7,3373.036072,485.0191956
SUB7,3393.036072,485
SUB7,3421.320344,485
SUB7,3449.604615,485
SUB7,3477.888886,485
SUB7,3497.888886,485
SUB7,3526.173157,485
SUB7,3546.173157,485
SUB7,3574.457429,485
SUB7,3594.457429,485
SUB7,3614.457429,485
SUB7,3634.457429,485
SUB7,3654.457429,485
SUB7,3674.457429,485
SUB7,3702.7417,485
SUB7,3731.025971,485
SUB7,3759.310242,485
SUB7,3787.594514,485
SUB7,3807.594514,485
SUB7,3835.878785,485
SUB7,3855.878785,485
SUB7,3884.163056,485
SUB7,3912.447327,485
SUB7,3932.447327,485
SUB7,3960.731599,485
SUB7,3989.01587,484.9092712
SUB7,4009.01587,483.1215515
SUB7,4029.01587,480.0685425
SUB7,4049.01587,478.5856323
SUB7,4069.01587,475.4433899
SUB7,4089.01587,475
SUB7,4109.01587,475
SUB7,4129.01587,475
SUB7,4149.01587,475
SUB7,4169.01587,475
SUB7,4197.300141,475
SUB7,4217.300141,475
SUB7,4237.300141,475
SUB7,4265.584412,475
SUB7,4293.868684,475
SUB7,4313.868684,475
SUB7,4342.152955,475
SUB7,4362.152955,475
SUB7,4390.437226,475
SUB7,4410.437226,475
SUB7,4430.437226,475
SUB7,4458.721497,475
SUB7,4478.721497,475
SUB7,4498.721497,475
SUB7,4527.005769,475
SUB7,4547.005769,475
SUB7,4567.005769,475
SUB7,4595.29004,475
SUB7,4623.574311,475
SUB7,4651.858582,475
SUB7,4671.858582,475
SUB7,4700.142854,475
SUB7,4728.427125,475
SUB7,4748.427125,475
SUB7,4768.427125,475
SUB7,4796.711396,475
SUB7,4816.711396,475
SUB7,4844.995667,475
SUB7,4864.995667,475
SUB7,4884.995667,475
SUB7,4904.995667,475
SUB7,4933.279939,475
SUB7,4953.279939,475
SUB7,4973.279939,475
SUB7,4993.279939,475
SUB7,5013.279939,475
SUB7,5033.279939,475
SUB7,5061.56421,475
SUB7,5081.56421,475
SUB7,5109.848481,475
SUB7,5129.848481,475
SUB7,5158.132752,475
SUB7,5186.417024,475
SUB7,5206.417024,475
SUB7,5234.701295,475
SUB7,5262.985566,475
SUB7,5291.269837,475
SUB7,5319.554109,475
SUB7,5347.83838,474.9353943
SUB7,5376.122651,471.0405273
SUB7,5404.406922,467.9862671
SUB7,5424.406922,465.6218872
SUB7,5444.406922,465
SUB7,5472.691194,465
SUB7,5500.975465,465
SUB7,5520.975465,465
SUB7,5540.975465,465
SUB7,5560.975465,465
SUB7,5589.259736,465
SUB7,5617.544007,465
SUB7,5645.828278,465
SUB7,5674.11255,465
SUB7,5694.11255,465
SUB7,5722.396821,465
SUB7,5742.396821,465
SUB7,5770.681092,465
SUB7,5798.965363,465
SUB7,5827.249635,465
SUB7,5847.249635,465
SUB7,5875.533906,465
SUB7,5895.533906,465
SUB7,5915.533906,465
SUB7,5935.533906,465
SUB7,5955.533906,465
SUB7,5975.533906,465
SUB7,5995.533906,465
SUB7,6015.533906,465
SUB7,6035.533906,465
SUB7,6055.533906,465
SUB7,6075.533906,465
SUB7,6103.818177,465
SUB7,6123.818177,465
SUB7,6143.818177,465
SUB7,6163.818177,465
SUB7,6183.818177,465
SUB7,6203.818177,465.0054016
SUB7,6232.102448,465
SUB7,6252.102448,465
SUB7,6272.102448,465
SUB7,6292.102448,465
SUB7,6320.38672,465
SUB7,6340.38672,465
SUB7,6368.670991,465
SUB7,6396.955262,464.4868774
SUB7,6416.955262,459.6494141
SUB7,6445.239533,455
SUB7,6465.239533,455
SUB7,6485.239533,455
SUB7,6513.523805,455
SUB7,6533.523805,455
SUB7,6561.808076,455
SUB7,6590.092347,455
SUB7,6618.376618,455
SUB7,6638.376618,455
SUB7,6658.376618,455
SUB7,6678.376618,455
SUB7,6698.376618,455
SUB7,6718.376618,455
SUB7,6738.376618,455
SUB7,6758.376618,455
SUB7,6778.376618,455
SUB7,6798.376618,455
SUB7,6818.376618,455
SUB7,6838.376618,455
SUB7,6866.66089,455
SUB7,6886.66089,455
SUB7,6906.66089,455
SUB7,6926.66089,455
SUB7,6946.66089,455
SUB7,6966.66089,455
SUB7,6986.66089,455
SUB7,7006.66089,455
SUB7,7026.66089,455
SUB7,7054.945161,455
SUB7,7074.945161,455
SUB7,7103.229432,455
SUB7,7123.229432,455
SUB7,7151.513703,455
SUB7,7171.513703,455
SUB7,7191.513703,455
SUB7,7219.797975,455
SUB7,7239.797975,455
SUB7,7268.082246,455
SUB7,7296.366517,455
SUB7,7324.650788,455
SUB7,7352.93506,455
SUB7,7381.219331,454.9546509
SUB7,7409.503602,452.176239
SUB7,7437.787873,448.7244568
SUB7,7466.072145,445.4900818
SUB7,7486.072145,445
SUB7,7514.356416,445
SUB7,7534.356416,445
SUB7,7554.356416,445
SUB7,7574.356416,445
SUB7,7594.356416,445
SUB7,7622.640687,445
SUB7,7650.924958,445
SUB7,7679.20923,445
SUB7,7707.493501,445
SUB7,7727.493501,445
SUB7,7747.493501,445
SUB7,7767.493501,445
SUB7,7787.493501,445
SUB7,7807.493501,445
SUB7,7827.493501,445
SUB7,7855.777772,445
SUB7,7884.062043,445
SUB7,7912.346315,445
SUB7,7940.630586,445
SUB7,7968.914857,445
SUB7,7997.199128,445
SUB7,8025.4834,445
SUB7,8053.767671,445
SUB7,8082.051942,445
SUB7,8110.336213,445
SUB7,8138.620485,445
SUB7,8166.904756,443.9763184
SUB7,8195.189027,436.1515198
SUB7,8215.189027,435
SUB7,8235.189027,435
SUB7,8255.189027,435
SUB7,8283.473298,435
SUB7,8303.473298,435
SUB7,8323.473298,435
SUB7,8343.473298,435
SUB7,8363.473298,435
SUB7,8391.75757,435
SUB7,8411.75757,435
SUB7,8431.75757,435
SUB7,8451.75757,435
SUB7,8471.75757,435
SUB7,8491.75757,435
SUB7,8511.75757,435
SUB7,8531.75757,435
SUB7,8551.75757,435
SUB7,8571.75757,435
SUB7,8591.75757,435
SUB7,8611.75757,435
SUB7,8631.75757,435
SUB7,8651.75757,435
SUB7,8671.75757,435
SUB7,8691.75757,435
SUB7,8711.75757,435
SUB7,8731.75757,435
SUB7,8751.75757,435
SUB7,8780.041841,435
SUB7,8800.041841,435
SUB7,8820.041841,435
SUB7,8840.041841,435
SUB7,8860.041841,435
SUB7,8880.041841,435
SUB7,8900.041841,435
SUB7,8928.326112,435
SUB7,8948.326112,435
SUB7,8968.326112,435
SUB7,8988.326112,435
SUB7,9008.326112,435
SUB7,9028.326112,435
SUB7,9056.610383,435
SUB7,9076.610383,435
SUB7,9104.894655,435
SUB7,9133.178926,435
SUB7,9153.178926,435
SUB7,9173.178926,435
SUB7,9201.463197,435
SUB7,9221.463197,435
SUB7,9241.463197,435
SUB7,9269.747468,435
SUB7,9289.747468,435
SUB7,9309.747468,435
SUB7,9338.03174,434.9840698
SUB7,9358.03174,433.0302429
SUB7,9378.03174,430.3262634
SUB7,9406.316011,427.3707886
SUB7,9426.316011,425.8995056
SUB7,9446.316011,425
SUB7,9466.316011,425
SUB7,9494.600282,425
SUB7,9514.600282,425
SUB7,9542.884553,425
SUB7,9562.884553,425
SUB7,9582.884553,425
SUB7,9611.168825,425
SUB7,9631.168825,425
SUB7,9651.168825,425
SUB7,9679.453096,425
SUB7,9707.737367,425
SUB7,9727.737367,425
SUB7,9756.021638,425
SUB7,9776.021638,425
SUB7,9796.021638,425
SUB7,9816.021638,425
SUB7,9836.021638,425
SUB7,9856.021638,425
SUB7,9876.021638,425
SUB7,9896.021638,425
SUB7,9924.30591,425
SUB7,9944.30591,425
SUB7,9964.30591,425
SUB7,9984.30591,425
SUB7,10004.30591,425
SUB7,10032.59018,425
SUB7,10052.59018,425
SUB7,10072.59018,425
SUB7,10092.59018,425
SUB7,10112.59018,425
SUB7,10140.87445,425
SUB7,10169.15872,425
SUB7,10189.15872,425
SUB7,10209.15872,425
SUB7,10229.15872,425
SUB7,10249.15872,425
SUB7,10269.15872,425
SUB7,10289.15872,425
SUB7,10309.15872,425
SUB7,10329.15872,425
SUB7,10349.15872,425
SUB7,10369.15872,425
SUB7,10389.15872,425
SUB7,10409.15872,425
SUB7,10429.15872,425
SUB7,10449.15872,425
SUB7,10477.443,425
SUB7,10497.443,425
SUB7,10525.72727,424.112854
SUB7,10545.72727,422.2932129
SUB7,10574.01154,418.6669312
SUB7,10594.01154,415.8160706
SUB7,10614.01154,415
SUB7,10634.01154,415
SUB7,10662.29581,415
SUB7,10690.58008,415
SUB7,10710.58008,415
SUB7,10738.86435,415
SUB7,10767.14862,415
SUB7,10787.14862,415
SUB7,10815.43289,415
SUB7,10835.43289,415
SUB7,10855.43289,415
SUB7,10875.43289,415
SUB7,10895.43289,415
SUB7,10915.43289,415
SUB7,10935.43289,415
SUB7,10955.43289,415
SUB7,10975.43289,415
SUB7,10995.43289,415
SUB7,11015.43289,415
SUB7,11035.43289,415
SUB7,11063.71717,415
SUB7,11083.71717,415
SUB7,11112.00144,415
SUB7,11132.00144,415
SUB7,11152.00144,415
SUB7,11172.00144,415
SUB7,11192.00144,415
SUB7,11220.28571,415
SUB7,11248.56998,415
SUB7,11276.85425,415
SUB7,11305.13852,415
SUB7,11333.42279,415
SUB7,11361.70706,415
SUB7,11389.99133,415
SUB7,11418.27561,415
SUB7,11446.55988,415
SUB7,11466.55988,415
SUB7,11486.55988,415
SUB7,11514.84415,415
SUB7,11543.12842,415
SUB7,11571.41269,415
SUB7,11599.69696,415
SUB7,11627.98123,415
SUB7,11656.2655,415
SUB7,11684.54978,415
SUB7,11704.54978,415
SUB7,11724.54978,415
SUB7,11744.54978,415
SUB7,11772.83405,415
SUB7,11801.11832,415
SUB7,11821.11832,415
SUB7,11841.11832,415
SUB7,11869.40259,415
SUB7,11889.40259,415
SUB7,11909.40259,415
SUB7,11929.40259,415
SUB7,11949.40259,415
SUB7,11969.40259,415
SUB7,11989.40259,415
SUB7,12017.68686,415
SUB7,12037.68686,415
SUB7,12057.68686,415
SUB7,12077.68686,415
SUB7,12105.97113,415
SUB7,12125.97113,415
SUB7,12154.2554,415
SUB7,12182.53967,413.6076355
SUB7,12202.53967,407.8908081
SUB7,12222.53967,405.5287476
SUB7,12242.53967,405
SUB7,12270.82395,405
SUB7,12290.82395,405
SUB7,12310.82395,405
SUB7,12339.10822,405
SUB7,12359.10822,405
SUB7,12379.10822,405
SUB7,12407.39249,405
SUB7,12427.39249,405
SUB7,12447.39249,405
SUB7,12475.67676,405
SUB7,12495.67676,405
SUB7,12515.67676,405
SUB7,12543.96103,405
SUB7,12563.96103,405
SUB7,12583.96103,405
SUB7,12603.96103,405
SUB7,12623.96103,405
SUB7,12643.96103,405
SUB7,12663.96103,405
SUB7,12683.96103,405
SUB7,12712.2453,405
SUB7,12740.52957,405
SUB7,12768.81384,405
SUB7,12797.09812,405
SUB7,12825.38239,405
SUB7,12845.38239,405
SUB7,12865.38239,404.2106934
SUB7,12893.66666,397.3052673
SUB7,12913.66666,396.3401489
SUB7,12941.95093,395.0032044
SUB7,12970.2352,395.3562927
SUB7,12990.2352,395.2997131
SUB7,13018.51947,395.0446167
SUB7,13038.51947,395.8789368
SUB7,13066.80374,395
SUB7,13086.80374,395.6761475
SUB7,13115.08801,395
SUB7,13135.08801,395
SUB7,13163.37229,395
SUB7,13183.37229,395
SUB7,13203.37229,395
SUB7,13223.37229,395
SUB7,13243.37229,395
SUB7,13263.37229,395
SUB7,13291.65656,395
SUB7,13311.65656,395
SUB7,13331.65656,395
SUB7,13351.65656,395
SUB7,13371.65656,395
SUB7,13391.65656,395
SUB7,13411.65656,395
SUB7,13431.65656,395
SUB7,13451.65656,395.6365662
SUB7,13471.65656,396.2297363
SUB7,13491.65656,395.3716431
SUB7,13511.65656,395.000885
SUB7,13531.65656,395
SUB7,13551.65656,395
SUB7,13579.94083,395
SUB7,13599.94083,395
SUB7,13619.94083,395
SUB7,13639.94083,395
SUB7,13668.2251,395
SUB7,13688.2251,393.9491577
SUB7,13708.2251,388.4528503
SUB7,13728.2251,386.3531189
SUB7,13748.2251,386.6411743
SUB7,13768.2251,387.0757141
SUB7,13796.50937,385
SUB7,13816.50937,385.1201477
SUB7,13836.50937,387.051178
SUB7,13864.79364,385.467804
SUB7,13893.07791,385.1356201
SUB7,13913.07791,387.1124878
SUB7,13941.36218,385.5200501
SUB7,13969.64646,385.0604858
SUB7,13989.64646,385
SUB7,14009.64646,385
SUB7,14029.64646,385
SUB7,14057.93073,385
SUB7,14077.93073,385
SUB7,14097.93073,385
SUB7,14117.93073,385
SUB7,14137.93073,385
SUB7,14166.215,385
SUB7,14194.49927,385.1081238
SUB7,14222.78354,385
SUB7,14251.06781,385
SUB7,14279.35208,387.1867676
SUB7,14299.35208,385
SUB7,14319.35208,385.0479126
SUB7,14347.63635,385
SUB7,14375.92063,384.8953857
SUB7,14395.92063,381.457489
SUB7,14415.92063,377.5566101
SUB7,14435.92063,376.0529175
SUB7,14455.92063,379.2003174
SUB7,14475.92063,382.859436
SUB7,14504.2049,377.2540588
SUB7,14532.48917,375
SUB7,14560.77344,377.015686
SUB7,14589.05771,381.3511658
SUB7,14617.34198,377.3591309
SUB7,14637.34198,377.7075501
SUB7,14657.34198,377.4442749
SUB7,14677.34198,375.3711853
SUB7,14697.34198,375
SUB7,14717.34198,375.376709
SUB7,14745.62625,375.146698
SUB7,14773.91052,375
SUB7,14802.1948,375.0086365
SUB7,14830.47907,375.0524292
SUB7,14858.76334,375.045929
SUB7,14887.04761,375.0401917
SUB7,14915.33188,375.4642944
SUB7,14943.61615,379.3378296
SUB7,14971.90042,383.2671509
SUB7,15000.18469,380.9812317
SUB7,15028.46897,376.0344238
SUB7,15048.46897,376.219635
SUB7,15068.46897,375.6738892
SUB7,15088.46897,375
SUB7,15116.75324,375.8822022
SUB7,15145.03751,377.0077515
SUB7,15173.32178,377.5757141
SUB7,15201.60605,377.4368591
SUB7,15229.89032,377.2799377
SUB7,15258.17459,383.0772095
SUB7,15278.17459,377.3364563
SUB7,15306.45886,379.3364563
SUB7,15326.45886,378.1889954
SUB7,15346.45886,383.4885559
SUB7,15374.74314,377.5703735
SUB7,15394.74314,373.3988342
SUB7,15414.74314,366.8333435
SUB7,15434.74314,366.1844788
SUB7,15454.74314,366.7781982
SUB7,15483.02741,371.7600708
SUB7,15503.02741,366.2082214
SUB7,15531.31168,366.8839722
SUB7,15551.31168,366.5830994
SUB7,15579.59595,366.2110596
SUB7,15599.59595,365
SUB7,15619.59595,365
SUB7,15647.88022,365
SUB7,15667.88022,365
SUB7,15687.88022,365
SUB7,15707.88022,365
SUB7,15727.88022,365
SUB7,15756.16449,365
SUB7,15784.44876,365
SUB7,15812.73303,365
SUB7,15841.01731,365
SUB7,15861.01731,365
SUB7,15881.01731,365
SUB7,15901.01731,365
SUB7,15929.30158,365
SUB7,15949.30158,365
SUB7,15969.30158,365
SUB7,15989.30158,365
SUB7,16009.30158,365
SUB7,16029.30158,365
SUB7,16049.30158,365
SUB7,16069.30158,365
SUB7,16089.30158,365
SUB7,16117.58585,365
SUB7,16137.58585,365
SUB7,16165.87012,365
SUB7,16185.87012,365
SUB7,16214.15439,365
SUB7,16234.15439,365
SUB7,16262.43866,365
SUB7,16290.72293,365
SUB7,16310.72293,365
SUB7,16339.0072,365
SUB7,16367.29148,365
SUB7,16387.29148,365
SUB7,16415.57575,365
SUB7,16435.57575,365
SUB7,16463.86002,365
SUB7,16483.86002,365
SUB7,16512.14429,365
SUB7,16540.42856,364.9941711
SUB7,16568.71283,361.7165222
SUB7,16596.9971,356.741272
SUB7,16616.9971,355.2339478
SUB7,16636.9971,355
SUB7,16656.9971,355
SUB7,16676.9971,355
SUB7,16705.28137,355
SUB7,16733.56565,355
SUB7,16761.84992,355
SUB7,16790.13419,355
SUB7,16818.41846,355
SUB7,16846.70273,355
SUB7,16874.987,355
SUB7,16903.27127,355
SUB7,16923.27127,355
SUB7,16951.55554,355
SUB7,16971.55554,355
SUB7,16999.83982,355
SUB7,17019.83982,355
SUB7,17039.83982,355
SUB7,17068.12409,355
SUB7,17088.12409,355
SUB7,17108.12409,355
SUB7,17136.40836,355
SUB7,17156.40836,355
SUB7,17184.69263,355
SUB7,17204.69263,355
SUB7,17224.69263,355
SUB7,17252.9769,355
SUB7,17272.9769,355
SUB7,17301.26117,355
SUB7,17321.26117,355
SUB7,17341.26117,355
SUB7,17369.54544,355
SUB7,17389.54544,355
SUB7,17409.54544,355
SUB7,17437.82971,355
SUB7,17457.82971,355
SUB7,17477.82971,355
SUB7,17497.82971,355
SUB7,17517.82971,355
SUB7,17537.82971,355
SUB7,17557.82971,355
SUB7,17577.82971,355
SUB7,17597.82971,355
SUB7,17626.11399,355
SUB7,17646.11399,355
SUB7,17674.39826,355
SUB7,17702.68253,354.9812927
SUB7,17730.9668,351.0167236
SUB7,17759.25107,348.4553833
SUB7,17779.25107,346.5066223
SUB7,17799.25107,345.2782898
SUB7,17819.25107,345
SUB7,17839.25107,345
SUB7,17859.25107,345
SUB7,17879.25107,345
SUB7,17899.25107,345
SUB7,17919.25107,345
SUB7,17947.53534,345
SUB7,17967.53534,345
SUB7,17987.53534,345
SUB7,18007.53534,345
SUB7,18027.53534,345
SUB7,18047.53534,345
SUB7,18067.53534,345
SUB7,18087.53534,345
SUB7,18107.53534,345
SUB7,18127.53534,345
SUB7,18147.53534,345
SUB7,18167.53534,345
SUB7,18187.53534,345
SUB7,18207.53534,345
SUB7,18227.53534,345
SUB7,18247.53534,345
SUB7,18267.53534,345
SUB7,18287.53534,345
SUB7,18315.81961,344.9560242
SUB7,18335.81961,344.5747376
SUB7,18355.81961,344.1465149
SUB7,18375.81961,343.7182617
SUB7,18404.10388,343.1016541
SUB7,18424.10388,342.6734314
SUB7,18452.38816,342.4130859
SUB7,18472.38816,342.3884277
SUB7,18492.38816,342.6877747
SUB7,18512.38816,343.1107788
SUB7,18532.38816,343.5429382
SUB7,18552.38816,343.9751282
SUB7,18572.38816,344.4073181
SUB7,18592.38816,344.8388977
SUB7,18620.67243,345
SUB7,18640.67243,345
SUB7,18660.67243,345
SUB7,18688.9567,345
SUB7,18708.9567,345
SUB7,18737.24097,345
SUB7,18757.24097,345
SUB7,18785.52524,345
SUB7,18805.52524,345
SUB7,18833.80951,345
SUB7,18862.09378,345
SUB7,18882.09378,345
SUB7,18910.37805,345
SUB7,18938.66233,345
SUB7,18966.9466,345
SUB7,18995.23087,345
SUB7,19023.51514,345
SUB7,19051.79941,345
SUB7,19080.08368,345
SUB7,19108.36795,345
SUB7,19136.65222,345
SUB7,19164.9365,345
SUB7,19193.22077,343.7835083
SUB7,19213.22077,341.9972839
SUB7,19241.50504,339.0355225
SUB7,19261.50504,337.7518311
SUB7,19281.50504,338.515686
SUB7,19309.78931,341.1418457
SUB7,19329.78931,343.011261
SUB7,19358.07358,345
SUB7,19386.35785,345
SUB7,19406.35785,345
SUB7,19434.64212,345
SUB7,19454.64212,343.7660217
SUB7,19482.92639,339.2553711
SUB7,19502.92639,335.6529236
SUB7,19522.92639,335
SUB7,19542.92639,335
SUB7,19562.92639,335
SUB7,19591.21067,335
SUB7,19611.21067,335
SUB7,19639.49494,335
SUB7,19667.77921,335
SUB7,19696.06348,335
SUB7,19724.34775,335
SUB7,19752.63202,335
SUB7,19780.91629,335
SUB7,19809.20056,335
SUB7,19837.48484,335
SUB7,19865.76911,335
SUB7,19885.76911,335
SUB7,19905.76911,335
SUB7,19925.76911,335
SUB7,19945.76911,335
SUB7,19965.76911,335
SUB7,19994.05338,335
SUB7,20022.33765,335
SUB7,20050.62192,335
SUB7,20078.90619,335
SUB7,20098.90619,335
SUB7,20127.19046,335
SUB7,20155.47473,335
SUB7,20183.75901,335
SUB7,20203.75901,335
SUB7,20223.75901,335
SUB7,20252.04328,335
SUB7,20280.32755,335
SUB7,20308.61182,335
SUB7,20328.61182,335
SUB7,20348.61182,335
SUB7,20368.61182,335
SUB7,20388.61182,335
SUB7,20416.89609,335
SUB7,20445.18036,335
SUB7,20473.46463,334.4082642
SUB7,20501.7489,330.9216003
SUB7,20530.03318,327.3695679
SUB7,20550.03318,325.5118103
SUB7,20570.03318,325
SUB7,20590.03318,325
SUB7,20610.03318,325
SUB7,20630.03318,325
SUB7,20658.31745,325
SUB7,20686.60172,325
SUB7,20714.88599,325
SUB7,20743.17026,325
SUB7,20771.45453,325
SUB7,20791.45453,325
SUB7,20811.45453,325
SUB7,20831.45453,325
SUB7,20851.45453,325
SUB7,20871.45453,325
SUB7,20891.45453,325
SUB7,20919.7388,325
SUB7,20948.02307,325
SUB7,20976.30735,325
SUB7,21004.59162,325
SUB7,21032.87589,325
SUB7,21052.87589,325
SUB7,21081.16016,325
SUB7,21109.44443,325
SUB7,21137.7287,325
SUB7,21157.7287,325
SUB7,21186.01297,325
SUB7,21214.29724,325
SUB7,21234.29724,325
SUB7,21262.58152,325
SUB7,21290.86579,325
SUB7,21310.86579,325
SUB7,21330.86579,325
SUB7,21359.15006,325
SUB7,21379.15006,325
SUB7,21399.15006,325
SUB7,21419.15006,325
SUB7,21447.43433,325
SUB7,21475.7186,325
SUB7,21504.00287,325
SUB7,21524.00287,325
SUB7,21552.28714,325
SUB7,21580.57141,325
SUB7,21608.85569,325
SUB7,21628.85569,325
SUB7,21657.13996,325
SUB7,21685.42423,325
SUB7,21705.42423,325
SUB7,21725.42423,325
SUB7,21753.7085,325
SUB7,21773.7085,325
SUB7,21793.7085,325
SUB7,21813.7085,325
SUB7,21833.7085,325
SUB7,21861.99277,325
SUB7,21881.99277,325
SUB7,21901.99277,325
SUB7,21921.99277,325
SUB7,21950.27704,325
SUB7,21970.27704,325
SUB7,21990.27704,325
SUB7,22010.27704,325
SUB7,22030.27704,325
SUB7,22050.27704,325
SUB7,22070.27704,325
SUB7,22090.27704,325
SUB7,22110.27704,325
SUB7,22130.27704,325
SUB7,22150.27704,325
SUB7,22170.27704,325
SUB7,22190.27704,325
SUB7,22210.27704,325
SUB7,22230.27704,325
SUB7,22250.27704,325
SUB7,22270.27704,325
SUB7,22290.27704,325
SUB7,22310.27704,325
SUB7,22330.27704,325
SUB7,22358.56131,325
SUB7,22386.84558,325
SUB7,22415.12986,325
SUB7,22443.41413,325
SUB7,22471.6984,324.9859314
SUB7,22491.6984,323.5517883
SUB7,22511.6984,321.2663574
SUB7,22531.6984,319.1936646
SUB7,22559.98267,317.2904358
SUB7,22579.98267,315.3646851
SUB7,22599.98267,315
SUB7,22619.98267,315
SUB7,22639.98267,315
SUB7,22659.98267,315
SUB7,22688.26694,315
SUB7,22716.55121,315
SUB7,22736.55121,315
SUB7,22764.83548,315
SUB7,22784.83548,315
SUB7,22813.11975,315
SUB7,22833.11975,315
SUB7,22861.40403,315
SUB7,22881.40403,315
SUB7,22909.6883,315
SUB7,22937.97257,315
SUB7,22966.25684,315
SUB7,22986.25684,315
SUB7,23006.25684,315
SUB7,23026.25684,315
SUB7,23046.25684,315
SUB7,23066.25684,315
SUB7,23094.54111,315
SUB7,23114.54111,315
SUB7,23134.54111,315
SUB7,23154.54111,315
SUB7,23174.54111,315
SUB7,23194.54111,315
SUB7,23214.54111,315
SUB7,23242.82538,315
SUB7,23262.82538,315
SUB7,23282.82538,315
SUB7,23302.82538,315
SUB7,23322.82538,315
SUB7,23342.82538,315
SUB7,23371.10965,315
SUB7,23391.10965,315
SUB7,23419.39392,315
SUB7,23439.39392,315
SUB7,23467.6782,315
SUB7,23487.6782,315
SUB7,23507.6782,315
SUB7,23535.96247,315
SUB7,23564.24674,315
SUB7,23592.53101,315
SUB7,23620.81528,315
SUB7,23640.81528,315
SUB7,23669.09955,315
SUB7,23689.09955,315
SUB7,23709.09955,315
SUB7,23737.38382,315
SUB7,23757.38382,315
SUB7,23777.38382,315
SUB7,23797.38382,315
SUB7,23817.38382,315
SUB7,23837.38382,315
SUB7,23857.38382,315
SUB7,23877.38382,315
SUB7,23897.38382,315
SUB7,23925.66809,315
SUB7,23953.95237,315
SUB7,23982.23664,315
SUB7,24010.52091,315
SUB7,24030.52091,315
SUB7,24058.80518,315
SUB7,24078.80518,315
SUB7,24107.08945,315
SUB7,24135.37372,315
SUB7,24163.65799,315
SUB7,24183.65799,315
SUB7,24211.94226,315
SUB7,24240.22654,315
SUB7,24268.51081,315
SUB7,24296.79508,315
SUB7,24316.79508,315
SUB7,24345.07935,315
SUB7,24365.07935,315
SUB7,24393.36362,315
SUB7,24421.64789,315
SUB7,24449.93216,314.721405
SUB7,24478.21643,310.8476563
SUB7,24498.21643,308.9984436
SUB7,24518.21643,307.649292
SUB7,24546.50071,305.5830078
SUB7,24566.50071,305
SUB7,24594.78498,305
SUB7,24614.78498,305
SUB7,24643.06925,305
SUB7,24663.06925,305
SUB7,24683.06925,305
SUB7,24703.06925,305
SUB7,24731.35352,305
SUB7,24759.63779,305
SUB7,24779.63779,305
SUB7,24799.63779,305
SUB7,24827.92206,305
SUB7,24856.20633,305
SUB7,24884.4906,305
SUB7,24912.77488,305
SUB7,24941.05915,305
SUB7,24969.34342,305
SUB7,24997.62769,305
SUB7,25025.91196,305
SUB7,25054.19623,305
SUB7,25082.4805,305
SUB7,25110.76477,305
SUB7,25139.04905,305
SUB7,25159.04905,305
SUB7,25187.33332,305
SUB7,25215.61759,305
SUB7,25243.90186,305
SUB7,25272.18613,305
SUB7,25300.4704,305
SUB7,25328.75467,305
SUB7,25348.75467,305
SUB7,25377.03894,305
SUB7,25397.03894,305
SUB7,25425.32322,305
SUB7,25453.60749,305
SUB7,25473.60749,305
SUB7,25501.89176,305
SUB7,25530.17603,305
SUB7,25558.4603,305
SUB7,25586.74457,305
SUB7,25615.02884,305
SUB7,25635.02884,305
SUB7,25655.02884,305
SUB7,25675.02884,305
SUB7,25703.31311,305
SUB7,25723.31311,305
SUB7,25743.31311,305
SUB7,25763.31311,305
SUB7,25783.31311,305
SUB7,25803.31311,305
SUB7,25823.31311,305
SUB7,25851.59739,305
SUB7,25871.59739,305
SUB7,25891.59739,305
SUB7,25919.88166,305
SUB7,25939.88166,305
SUB7,25959.88166,305
SUB7,25988.16593,305
SUB7,26016.4502,305
SUB7,26044.73447,305
SUB7,26073.01874,305
SUB7,26101.30301,305
SUB7,26129.58728,305
SUB7,26157.87156,304.9813232
SUB7,26177.87156,303.1198425
SUB7,26206.15583,301.4961243
SUB7,26226.15583,300.8027039
SUB7,26246.15583,300.1197815
SUB7,26266.15583,299.446991
SUB7,26294.4401,298.5500794
SUB7,26314.4401,297.7918091
SUB7,26334.4401,297.0335083
SUB7,26354.4401,296.3240051
SUB7,26374.4401,295.653656
SUB7,26394.4401,295.1209106
SUB7,26414.4401,295
SUB7,26434.4401,295
SUB7,26462.72437,295
SUB7,26491.00864,295
SUB7,26519.29291,295
SUB7,26539.29291,295
SUB7,26559.29291,295
SUB7,26587.57718,295
SUB7,26607.57718,295
SUB7,26627.57718,295
SUB7,26647.57718,295
SUB7,26667.57718,295
SUB7,26687.57718,295
SUB7,26707.57718,295
SUB7,26727.57718,295
SUB7,26747.57718,295
SUB7,26767.57718,295
SUB7,26787.57718,295
SUB7,26807.57718,295
SUB7,26835.86145,295
SUB7,26855.86145,295
SUB7,26875.86145,295
SUB7,26895.86145,295
SUB7,26915.86145,295
SUB7,26944.14573,295
SUB7,26964.14573,295
SUB7,26984.14573,295
SUB7,27004.14573,295
SUB7,27024.14573,295
SUB7,27052.43,295
SUB7,27080.71427,295
SUB7,27108.99854,295
SUB7,27128.99854,295
SUB7,27148.99854,295
SUB7,27168.99854,295
SUB7,27188.99854,295
SUB7,27217.28281,295
SUB7,27237.28281,295
SUB7,27265.56708,295
SUB7,27285.56708,295
SUB7,27305.56708,295
SUB7,27333.85135,295
SUB7,27353.85135,295
SUB7,27382.13562,295
SUB7,27402.13562,295
SUB7,27430.4199,295
SUB7,27458.70417,295
SUB7,27486.98844,295
SUB7,27506.98844,295
SUB7,27535.27271,295
SUB7,27555.27271,295
SUB7,27583.55698,295
SUB7,27611.84125,295
SUB7,27631.84125,295
SUB7,27651.84125,295
SUB7,27680.12552,295
SUB7,27700.12552,295
SUB7,27720.12552,295
SUB7,27748.40979,295
SUB7,27768.40979,295
SUB7,27796.69407,295
SUB7,27824.97834,294.7608337
SUB7,27844.97834,293.4698792
SUB7,27864.97834,292.0933533
SUB7,27884.97834,291.2642212
SUB7,27913.26261,290.5318604
SUB7,27941.54688,289.8171082
SUB7,27969.83115,289.1023254
SUB7,27989.83115,288.5547485
SUB7,28018.11542,287.8218384
SUB7,28046.39969,287.1047974
SUB7,28074.68396,286.3900147
SUB7,28094.68396,285.8452759
SUB7,28122.96824,285.151947
SUB7,28142.96824,285
SUB7,28162.96824,285
SUB7,28182.96824,285
SUB7,28202.96824,285
SUB7,28231.25251,285
SUB7,28259.53678,285
SUB7,28279.53678,285
SUB7,28307.82105,285
SUB7,28327.82105,285
SUB7,28347.82105,285
SUB7,28367.82105,285
SUB7,28387.82105,285
SUB7,28407.82105,285
SUB7,28427.82105,285
SUB7,28447.82105,285
SUB7,28467.82105,285
SUB7,28487.82105,285
SUB7,28507.82105,285
SUB7,28527.82105,285
SUB7,28547.82105,285
SUB7,28567.82105,285
SUB7,28587.82105,285
SUB7,28607.82105,285
SUB7,28627.82105,285
SUB7,28647.82105,285
SUB7,28667.82105,285
SUB7,28687.82105,285
SUB7,28716.10532,285
SUB7,28744.38959,285
SUB7,28772.67386,285
SUB7,28792.67386,285
SUB7,28820.95813,285
SUB7,28849.24241,285
SUB7,28877.52668,285
SUB7,28897.52668,285
SUB7,28925.81095,285
SUB7,28945.81095,285
SUB7,28974.09522,285
SUB7,29002.37949,285
SUB7,29022.37949,285
SUB7,29050.66376,285
SUB7,29070.66376,285
SUB7,29090.66376,285
SUB7,29110.66376,285
SUB7,29130.66376,285
SUB7,29158.94803,285
SUB7,29178.94803,285
SUB7,29198.94803,285
SUB7,29227.2323,285
SUB7,29255.51658,285
SUB7,29275.51658,285
SUB7,29303.80085,285
SUB7,29332.08512,285
SUB7,29352.08512,285
SUB7,29372.08512,285
SUB7,29400.36939,285
SUB7,29420.36939,285
SUB7,29440.36939,285
SUB7,29468.65366,285
SUB7,29496.93793,285
SUB7,29516.93793,285
SUB7,29545.2222,285
SUB7,29573.50647,285
SUB7,29593.50647,285
SUB7,29613.50647,285
SUB7,29641.79075,285
SUB7,29661.79075,285
SUB7,29681.79075,285
SUB7,29701.79075,285
SUB7,29730.07502,285
SUB7,29758.35929,284.9220581
SUB7,29786.64356,282.7617798
SUB7,29814.92783,281.0628357
SUB7,29834.92783,279.7855225
SUB7,29854.92783,278.5021362
SUB7,29874.92783,277.2181702
SUB7,29894.92783,275.9537964
SUB7,29914.92783,275.0615845
SUB7,29934.92783,275
SUB7,29963.2121,275
SUB7,29991.49637,275
SUB7,30011.49637,275
SUB7,30031.49637,275
SUB7,30051.49637,275
SUB7,30079.78064,275
SUB7,30099.78064,275
SUB7,30128.06492,275
SUB7,30148.06492,275
SUB7,30168.06492,275
SUB7,30196.34919,274.9933167
SUB7,30216.34919,274.8231812
SUB7,30236.34919,274.5953064
SUB7,30256.34919,274.470398
SUB7,30276.34919,274.3735352
SUB7,30296.34919,274.2766419
SUB7,30316.34919,274.1797791
SUB7,30344.63346,274.0018311
SUB7,30364.63346,273.9049683
SUB7,30384.63346,273.808075
SUB7,30404.63346,273.7111816
SUB7,30424.63346,273.6143189
SUB7,30452.91773,273.4363709
SUB7,30472.91773,273.3546448
SUB7,30501.202,273.1504211
SUB7,30521.202,272.9949951
SUB7,30549.48627,272.7666016
SUB7,30577.77054,272.538208
SUB7,30597.77054,272.3827515
SUB7,30617.77054,272.2273254
SUB7,30646.05481,271.9989319
SUB7,30666.05481,271.8435059
SUB7,30686.05481,271.6880493
SUB7,30706.05481,271.5326233
SUB7,30734.33909,271.3042297
SUB7,30762.62336,271.1655884
SUB7,30790.90763,271.3240051
SUB7,30810.90763,271.3460388
SUB7,30830.90763,271.3680725
SUB7,30859.1919,271.2504883
SUB7,30887.47617,271.1329041
SUB7,30907.47617,271.1549683
SUB7,30927.47617,271.177002
SUB7,30955.76044,271.0594177
SUB7,30984.04471,270.9418335
SUB7,31004.04471,270.9638672
SUB7,31032.32898,270.846283
SUB7,31060.61326,270.6876221
SUB7,31088.89753,270.3117371
SUB7,31108.89753,270.0823975
SUB7,31128.89753,269.8598633
SUB7,31148.89753,269.84021
SUB7,31168.89753,269.9612427
SUB7,31188.89753,270.0822754
SUB7,31217.1818,270.0400696
SUB7,31245.46607,269.9978333
SUB7,31265.46607,270.118866
SUB7,31285.46607,270.2398682
SUB7,31305.46607,270.3609009
SUB7,31325.46607,270.4819336
SUB7,31345.46607,270.6029663
SUB7,31373.75034,270.5607605
SUB7,31393.75034,270.6817627
SUB7,31413.75034,270.8027954
SUB7,31442.03461,270.7605896
SUB7,31462.03461,270.8816223
SUB7,31482.03461,271.0113831
SUB7,31502.03461,271.1542358
SUB7,31522.03461,271.2974854
SUB7,31542.03461,271.5525208
SUB7,31562.03461,271.9845581
SUB7,31590.31888,272.3861389
SUB7,31618.60315,272.7877197
SUB7,31638.60315,273.2200928
SUB7,31658.60315,273.6524658
SUB7,31678.60315,274.0848389
SUB7,31698.60315,274.5171814
SUB7,31718.60315,274.9207459
SUB7,31738.60315,275
SUB7,31758.60315,275
SUB7,31786.88743,275
SUB7,31806.88743,275
SUB7,31826.88743,275
SUB7,31846.88743,275
SUB7,31866.88743,275
SUB7,31886.88743,275
SUB7,31915.1717,275
SUB7,31935.1717,275
SUB7,31955.1717,275
SUB7,31975.1717,275
SUB7,31995.1717,275
SUB7,32023.45597,274.9320984
SUB7,32051.74024,272.5189514
SUB7,32071.74024,270.1878357
SUB7,32091.74024,267.8566895
SUB7,32111.74024,265.7698669
SUB7,32131.74024,265.1335449
SUB7,32151.74024,265
SUB7,32171.74024,265
SUB7,32191.74024,265
SUB7,32211.74024,265
SUB7,32231.74024,265
SUB7,32251.74024,265
SUB7,32271.74024,265
SUB7,32291.74024,265
SUB7,32311.74024,265
SUB7,32331.74024,265
SUB7,32360.02451,265
SUB7,32380.02451,265
SUB7,32400.02451,265
SUB7,32420.02451,265
SUB7,32440.02451,265
SUB7,32460.02451,265
SUB7,32480.02451,265
SUB7,32500.02451,265
SUB7,32528.30878,265
SUB7,32548.30878,265
SUB7,32568.30878,265
SUB7,32588.30878,265
SUB7,32608.30878,265
SUB7,32636.59305,265
SUB7,32656.59305,265
SUB7,32676.59305,265
SUB7,32696.59305,265
SUB7,32716.59305,265
SUB7,32736.59305,265
SUB7,32756.59305,265
SUB7,32776.59305,265
SUB7,32796.59305,265
SUB7,32816.59305,265
SUB7,32844.87732,265
SUB7,32864.87732,265
SUB7,32884.87732,265
SUB7,32904.87732,265
SUB7,32933.1616,265
SUB7,32953.1616,265
SUB7,32973.1616,265
SUB7,32993.1616,265
SUB7,33013.1616,265
SUB7,33041.44587,265
SUB7,33061.44587,265
SUB7,33081.44587,264.3813782
SUB7,33101.44587,263.0629578
SUB7,33121.44587,261.7445679
SUB7,33149.73014,260.2091675
SUB7,33169.73014,259.2330322
SUB7,33189.73014,260.0654907
SUB7,33218.01441,261.3499146
SUB7,33238.01441,262.3370056
SUB7,33258.01441,263.3241272
SUB7,33278.01441,264.3112488
SUB7,33298.01441,265
SUB7,33318.01441,265
SUB7,33346.29868,265
SUB7,33366.29868,265
SUB7,33394.58295,265
SUB7,33414.58295,265
SUB7,33434.58295,265
SUB7,33462.86722,265
SUB7,33482.86722,265
SUB7,33502.86722,265
SUB7,33522.86722,265
SUB7,33551.15149,265
SUB7,33571.15149,265
SUB7,33591.15149,265
SUB7,33611.15149,265
SUB7,33631.15149,265
SUB7,33651.15149,265
SUB7,33671.15149,265
SUB7,33691.15149,265
SUB7,33711.15149,265
SUB7,33731.15149,265
SUB7,33751.15149,265
SUB7,33771.15149,265
SUB7,33791.15149,265
SUB7,33811.15149,265
SUB7,33831.15149,265
SUB7,33851.15149,265
SUB7,33871.15149,265
SUB7,33891.15149,265
SUB7,33919.43577,265
SUB7,33939.43577,265
SUB7,33959.43577,265
SUB7,33979.43577,265
SUB7,33999.43577,265
SUB7,34019.43577,265
SUB7,34047.72004,265
SUB7,34076.00431,265
SUB7,34104.28858,265
SUB7,34132.57285,265
SUB7,34160.85712,265
SUB7,34189.14139,264.907135
SUB7,34217.42566,263.0418396
SUB7,34245.70994,260.9280396
SUB7,34265.70994,259.5745239
SUB7,34285.70994,258.2855225
SUB7,34305.70994,257.2228699
SUB7,34325.70994,256.1912842
SUB7,34345.70994,255.2201691
SUB7,34365.70994,255
SUB7,34385.70994,255
SUB7,34405.70994,255
SUB7,34433.99421,255
SUB7,34462.27848,255
SUB7,34490.56275,255
SUB7,34518.84702,255
SUB7,34547.13129,255
SUB7,34575.41556,255
SUB7,34603.69983,255
SUB7,34631.98411,255
SUB7,34651.98411,255
SUB7,34680.26838,255
SUB7,34700.26838,255
SUB7,34728.55265,255
SUB7,34756.83692,255
SUB7,34776.83692,255
SUB7,34805.12119,255
SUB7,34825.12119,255
SUB7,34853.40546,255
SUB7,34881.68973,255
SUB7,34901.68973,255
SUB7,34929.974,254.9994812
SUB7,34949.974,254.9510498
SUB7,34978.25828,254.5579834
SUB7,34998.25828,254.7619324
SUB7,35026.54255,254.7858276
SUB7,35054.82682,254.8567047
SUB7,35083.11109,254.6700287
SUB7,35111.39536,254.1755524
SUB7,35139.67963,253.3534088
SUB7,35167.9639,253.3347626
SUB7,35196.24817,253.6033325
SUB7,35224.53245,253.8719025
SUB7,35252.81672,254.1404572
SUB7,35281.10099,254.4090118
SUB7,35301.10099,254.7857819
SUB7,35321.10099,255
SUB7,35341.10099,255
SUB7,35361.10099,255
SUB7,35381.10099,255
SUB7,35401.10099,255
SUB7,35429.38526,255
SUB7,35449.38526,255
SUB7,35477.66953,255
SUB7,35505.9538,255
SUB7,35534.23807,255
SUB7,35562.52234,255
SUB7,35582.52234,255
SUB7,35602.52234,255
SUB7,35630.80662,255
SUB7,35650.80662,255
SUB7,35670.80662,255
SUB7,35699.09089,255
SUB7,35727.37516,255
SUB7,35755.65943,255
SUB7,35783.9437,255
SUB7,35812.22797,254.9901886
SUB7,35832.22797,254.4233093
SUB7,35852.22797,253.5501404
SUB7,35872.22797,252.6769867
SUB7,35892.22797,251.8038178
SUB7,35912.22797,250.9306488
SUB7,35932.22797,250.0574951
SUB7,35952.22797,249.2454987
SUB7,35980.51224,248.3702698
SUB7,36000.51224,247.9256744
SUB7,36028.79651,246.7816467
SUB7,36048.79651,246.114975
SUB7,36068.79651,245.4969788
SUB7,36088.79651,245.0265656
SUB7,36108.79651,245
SUB7,36128.79651,245
SUB7,36148.79651,245
SUB7,36168.79651,245
SUB7,36188.79651,245
SUB7,36208.79651,245
SUB7,36228.79651,245
SUB7,36248.79651,245
SUB7,36277.08078,245
SUB7,36297.08078,245
SUB7,36317.08078,245
SUB7,36337.08078,245
SUB7,36357.08078,245
SUB7,36385.36506,245
SUB7,36413.64933,245
SUB7,36441.9336,245
SUB7,36470.21787,245
SUB7,36498.50214,245
SUB7,36526.78641,245
SUB7,36546.78641,245
SUB7,36575.07068,245
SUB7,36603.35496,245
SUB7,36623.35496,245
SUB7,36651.63923,245
SUB7,36671.63923,245
SUB7,36699.9235,245
SUB7,36728.20777,245
SUB7,36756.49204,245
SUB7,36776.49204,245
SUB7,36804.77631,245
SUB7,36833.06058,245
SUB7,36861.34485,245
SUB7,36889.62913,244.9999695
SUB7,36909.62913,244
SUB7,36929.62913,244
SUB7,36957.9134,243
SUB7,36977.9134,243
SUB7,36997.9134,243
SUB7,37026.19767,243
SUB7,37054.48194,242.986969
SUB7,37074.48194,242
SUB7,37102.76621,242
SUB7,37131.05048,242
SUB7,37159.33475,241.921463
SUB7,37187.61902,241.631134
SUB7,37207.61902,241
SUB7,37227.61902,241
SUB7,37255.9033,240.9517517
SUB7,37284.18757,240.6614227
SUB7,37312.47184,240.3710938
SUB7,37332.47184,240.2753143
SUB7,37352.47184,240.1795197
SUB7,37372.47184,240
SUB7,37400.75611,240
SUB7,37429.04038,239.9412689
SUB7,37449.04038,239.8676148
SUB7,37469.04038,239.828598
SUB7,37497.32465,239.7992859
SUB7,37517.32465,239.7034912
SUB7,37537.32465,239.6080933
SUB7,37557.32465,239.5273438
SUB7,37577.32465,239.4536896
SUB7,37597.32465,239.3800201
SUB7,37617.32465,239.3123627
SUB7,37637.32465,239.3035431
SUB7,37665.60892,239.2274933
SUB7,37685.60892,239.1139221
SUB7,37713.89319,238.7723541
SUB7,37742.17747,238.6218872
SUB7,37762.17747,238.4579773
SUB7,37782.17747,238.2940674
SUB7,37802.17747,238.1301422
SUB7,37822.17747,237.9913788
SUB7,37850.46174,237.8157501
SUB7,37870.46174,237.6518402
SUB7,37890.46174,237.487915
SUB7,37910.46174,237.3240051
SUB7,37938.74601,237.173523
SUB7,37958.74601,237.009613
SUB7,37978.74601,236.8457031
SUB7,38007.03028,236.695221
SUB7,38027.03028,236.7086487
SUB7,38055.31455,236.5581818
SUB7,38083.59882,236.4076996
SUB7,38103.59882,236.2437897
SUB7,38123.59882,236.2572327
SUB7,38143.59882,236.2706604
SUB7,38163.59882,236.2841034
SUB7,38183.59882,236.2975464
SUB7,38203.59882,236.3109741
SUB7,38231.88309,236.4883423
SUB7,38251.88309,236.50177
SUB7,38271.88309,236.515213
SUB7,38291.88309,236.528656
SUB7,38311.88309,236.542099
SUB7,38331.88309,236.5555267
SUB7,38351.88309,236.5689697
SUB7,38371.88309,236.5824127
SUB7,38391.88309,236.5958557
SUB7,38411.88309,236.6107178
SUB7,38431.88309,236.6519928
SUB7,38451.88309,236.7030792
SUB7,38471.88309,236.7541504
SUB7,38491.88309,236.8052368
SUB7,38511.88309,236.8602753
SUB7,38540.16736,236.8538361
SUB7,38560.16736,236.8672638
SUB7,38580.16736,236.8807068
SUB7,38600.16736,236.8972473
SUB7,38628.45164,236
SUB7,38648.45164,236
SUB7,38676.73591,236
SUB7,38705.02018,236
SUB7,38733.30445,236
SUB7,38761.58872,235
SUB7,38781.58872,235
SUB7,38809.87299,235
SUB7,38838.15726,234
SUB7,38858.15726,235
SUB7,38886.44153,235
SUB7,38914.72581,234
SUB7,38934.72581,234
SUB7,38963.01008,234
SUB7,38983.01008,234
SUB7,39003.01008,234
SUB7,39023.01008,234
SUB7,39051.29435,234
SUB7,39071.29435,234
SUB7,39099.57862,234
SUB7,39127.86289,234
SUB7,39156.14716,233
SUB7,39176.14716,233
SUB7,39204.43143,233
SUB7,39224.43143,233
SUB7,39244.43143,233
SUB7,39264.43143,233
SUB7,39284.43143,233
SUB7,39312.7157,232
SUB7,39332.7157,232
SUB7,39352.7157,232
SUB7,39380.99997,232
SUB7,39400.99997,232
SUB7,39429.28425,232
SUB7,39457.56852,232
SUB7,39477.56852,232
SUB7,39497.56852,232
SUB7,39517.56852,231
SUB7,39545.85279,231
SUB7,39574.13706,231
SUB7,39602.42133,231
SUB7,39630.7056,231
SUB7,39658.98987,231
SUB7,39687.27414,231
SUB7,39715.55842,231
SUB7,39743.84269,230
SUB7,39763.84269,230
SUB7,39792.12696,230
SUB7,39820.41123,230
SUB7,39848.6955,230
SUB7,39876.97977,230
SUB7,39905.26404,229
SUB7,39933.54831,229
SUB7,39953.54831,229
SUB7,39981.83259,229
SUB7,40001.83259,229
SUB7,40021.83259,229
SUB7,40050.11686,228
SUB7,40078.40113,228
SUB7,40098.40113,228
SUB7,40118.40113,228
SUB7,40138.40113,228
SUB7,40158.40113,228
SUB7,40186.6854,228
SUB7,40206.6854,228
SUB7,40226.6854,228
SUB7,40254.96967,228
SUB7,40283.25394,227
SUB7,40311.53821,227
SUB7,40339.82248,227
SUB7,40368.10676,227
SUB7,40388.10676,227
SUB7,40416.39103,227
SUB7,40436.39103,227
SUB7,40456.39103,226
SUB7,40476.39103,226
SUB7,40496.39103,226
SUB7,40516.39103,226
SUB7,40536.39103,226
SUB7,40556.39103,226
SUB7,40576.39103,226
SUB7,40604.6753,225
SUB7,40632.95957,225
SUB7,40661.24384,225
SUB7,40681.24384,225
SUB7,40701.24384,225
SUB7,40729.52811,225
SUB7,40749.52811,225
SUB7,40769.52811,225
SUB7,40797.81238,224
SUB7,40817.81238,224
SUB7,40837.81238,224
SUB7,40857.81238,224
SUB7,40877.81238,224
SUB7,40906.09665,223
SUB7,40926.09665,223
SUB7,40946.09665,223
SUB7,40966.09665,223
SUB7,40994.38093,223
SUB7,41014.38093,223
SUB7,41034.38093,223
SUB7,41054.38093,223
SUB7,41074.38093,223
SUB7,41102.6652,222
SUB7,41130.94947,222
SUB7,41150.94947,222
SUB7,41170.94947,222
SUB7,41190.94947,222
SUB7,41210.94947,222
SUB7,41239.23374,222
SUB7,41259.23374,221
SUB7,41279.23374,222
SUB7,41299.23374,221
SUB7,41327.51801,221
SUB7,41347.51801,221
SUB7,41375.80228,221
SUB7,41395.80228,221
SUB7,41424.08655,221
SUB7,41444.08655,221
SUB7,41464.08655,220
SUB7,41492.37082,220
SUB7,41512.37082,220
SUB7,41532.37082,220
SUB7,41552.37082,220
SUB7,41580.6551,219
SUB7,41600.6551,220
SUB7,41628.93937,220
SUB7,41657.22364,220
SUB7,41677.22364,220
SUB7,41697.22364,220
SUB7,41717.22364,219
SUB7,41737.22364,219
SUB7,41757.22364,219
SUB7,41777.22364,219
SUB7,41797.22364,219
SUB7,41817.22364,219
SUB7,41845.50791,219
SUB7,41865.50791,219
SUB7,41885.50791,219
SUB7,41905.50791,219
SUB7,41933.79218,219
SUB7,41962.07645,218
SUB7,41982.07645,218
SUB7,42010.36072,218
SUB7,42030.36072,218
SUB7,42050.36072,218
SUB7,42070.36072,218
SUB7,42090.36072,218
SUB7,42118.64499,217
SUB7,42138.64499,217
SUB7,42158.64499,217
SUB7,42178.64499,217
SUB7,42198.64499,217
SUB7,42226.92927,217
SUB7,42255.21354,217
SUB7,42283.49781,217
SUB7,42311.78208,216
SUB7,42331.78208,216
SUB7,42351.78208,216
SUB7,42371.78208,216
SUB7,42400.06635,215
SUB7,42428.35062,215
SUB7,42456.63489,215
SUB7,42476.63489,215
SUB7,42504.91916,214
SUB7,42524.91916,215
SUB7,42553.20344,214
SUB7,42573.20344,214
SUB7,42601.48771,214
SUB7,42621.48771,214
SUB7,42641.48771,214
SUB7,42661.48771,214
SUB7,42689.77198,214
SUB7,42709.77198,214
SUB7,42729.77198,214
SUB7,42758.05625,214
SUB7,42786.34052,213
SUB7,42806.34052,213
SUB7,42826.34052,213
SUB7,42854.62479,213
SUB7,42874.62479,213
SUB7,42894.62479,213
SUB7,42914.62479,213
SUB7,42942.90906,213
SUB7,42962.90906,212
SUB7,42982.90906,213
SUB7,43002.90906,213
SUB7,43031.19333,212
SUB7,43051.19333,212
SUB7,43071.19333,212
SUB7,43091.19333,212
SUB7,43111.19333,212
SUB7,43139.47761,212
SUB7,43159.47761,212
SUB7,43187.76188,212
SUB7,43207.76188,212
SUB7,43236.04615,212
SUB7,43256.04615,212
SUB7,43284.33042,211
SUB7,43304.33042,211
SUB7,43332.61469,211
SUB7,43360.89896,211
SUB7,43380.89896,211
SUB7,43409.18323,211
SUB7,43437.4675,211
SUB7,43465.75178,211
SUB7,43494.03605,211
SUB7,43522.32032,211
SUB7,43550.60459,210
SUB7,43570.60459,211
SUB7,43598.88886,211
SUB7,43627.17313,211
SUB7,43647.17313,210
SUB7,43675.4574,210
SUB7,43703.74167,210
SUB7,43732.02595,211
SUB7,43760.31022,210
SUB7,43788.59449,210
SUB7,43816.87876,210
SUB7,43836.87876,210
SUB7,43856.87876,210
SUB7,43876.87876,210
SUB7,43905.16303,209
SUB7,43925.16303,209
SUB7,43953.4473,209
SUB7,43973.4473,209
SUB7,44001.73157,209
SUB7,44030.01584,209
SUB7,44050.01584,209
SUB7,44070.01584,209
SUB7,44098.30012,209
SUB7,44126.58439,209
SUB7,44146.58439,209
SUB7,44166.58439,209
SUB7,44186.58439,209
SUB7,44214.86866,208
SUB7,44234.86866,208
SUB7,44263.15293,208
SUB7,44291.4372,208
SUB7,44311.4372,208
SUB7,44339.72147,208
SUB7,44368.00574,208
SUB7,44396.29001,208
SUB7,44424.57429,207
SUB7,44452.85856,207
SUB7,44472.85856,207
SUB7,44492.85856,207
SUB7,44512.85856,207
SUB7,44541.14283,207
SUB7,44561.14283,207
SUB7,44581.14283,207
SUB7,44601.14283,206
SUB7,44621.14283,207
SUB7,44641.14283,207
SUB7,44669.4271,207
SUB7,44697.71137,207
SUB7,44717.71137,207
SUB7,44745.99564,207
SUB7,44774.27991,206
SUB7,44802.56418,206
SUB7,44830.84846,206
SUB7,44859.13273,206
SUB7,44879.13273,206
SUB7,44899.13273,205
SUB7,44919.13273,205
SUB7,44939.13273,205
SUB7,44959.13273,205
SUB7,44979.13273,206
SUB7,45007.417,206
SUB7,45027.417,206
SUB7,45047.417,206
SUB7,45067.417,206
SUB7,45087.417,206
SUB7,45107.417,206
SUB7,45127.417,206
SUB7,45147.417,206
SUB7,45167.417,205
SUB7,45187.417,205
SUB7,45207.417,205
SUB7,45227.417,205
SUB7,45255.70127,205
SUB7,45283.98554,205
SUB7,45303.98554,205
SUB7,45332.26981,205
SUB7,45360.55408,205
SUB7,45380.55408,205
SUB7,45400.55408,205
SUB7,45428.83835,204
SUB7,45448.83835,205
SUB7,45477.12263,205
SUB7,45505.4069,204
SUB7,45533.69117,205
SUB7,45553.69117,204
SUB7,45581.97544,205
SUB7,45610.25971,205
SUB7,45630.25971,205
SUB7,45658.54398,204
SUB7,45686.82825,204
SUB7,45715.11252,204
SUB7,45735.11252,203
SUB7,45763.3968,203
SUB7,45791.68107,203
SUB7,45819.96534,203
SUB7,45848.24961,203
SUB7,45868.24961,203
SUB7,45896.53388,203
SUB7,45924.81815,203
SUB7,45944.81815,203
SUB7,45973.10242,203
SUB7,46001.38669,203
SUB7,46029.67097,203
SUB7,46057.95524,202
SUB7,46077.95524,202
SUB7,46097.95524,202
SUB7,46126.23951,202
SUB7,46154.52378,202
SUB7,46182.80805,202
SUB7,46202.80805,202
SUB7,46231.09232,202
SUB7,46259.37659,201
SUB7,46279.37659,201
SUB7,46307.66086,201
SUB7,46335.94514,201
SUB7,46364.22941,201
SUB7,46392.51368,200
SUB7,46420.79795,200
SUB7,46449.08222,200
SUB7,46469.08222,200
SUB7,46497.36649,200
SUB7,46525.65076,200
SUB7,46553.93503,200
SUB7,46582.21931,200
SUB7,46610.50358,200
SUB7,46638.78785,200
SUB7,46667.07212,199
SUB7,46687.07212,199
SUB7,46707.07212,199
SUB7,46735.35639,199
SUB7,46755.35639,199
SUB7,46783.64066,199
SUB7,46803.64066,199
SUB7,46831.92493,199
SUB7,46851.92493,199
SUB7,46871.92493,199
SUB7,46891.92493,199
SUB7,46911.92493,199
SUB7,46931.92493,199
SUB7,46951.92493,199
SUB7,46971.92493,198
SUB7,46991.92493,198
SUB7,47011.92493,198
SUB7,47031.92493,198
SUB7,47051.92493,198
SUB7,47080.2092,198
SUB7,47108.49348,198
SUB7,47136.77775,198
SUB7,47165.06202,198
SUB7,47185.06202,198
SUB7,47213.34629,197
SUB7,47241.63056,197
SUB7,47269.91483,197
SUB7,47289.91483,197
SUB7,47318.1991,197
SUB7,47338.1991,197
SUB7,47358.1991,196
SUB7,47386.48337,197
SUB7,47406.48337,197
SUB7,47434.76765,196
SUB7,47463.05192,196
SUB7,47491.33619,196
SUB7,47511.33619,196
SUB7,47539.62046,196
SUB7,47559.62046,196
SUB7,47579.62046,196
SUB7,47599.62046,196
SUB7,47619.62046,196
SUB7,47639.62046,196
SUB7,47659.62046,196
SUB7,47679.62046,196
SUB7,47707.90473,196
SUB7,47736.189,196
SUB7,47764.47327,195
SUB7,47792.75754,195
SUB7,47821.04182,195
SUB7,47841.04182,195
SUB7,47861.04182,195
SUB7,47889.32609,195
SUB7,47909.32609,195
SUB7,47929.32609,195
SUB7,47949.32609,195
SUB7,47969.32609,195
SUB7,47989.32609,195
SUB7,48009.32609,194
SUB7,48029.32609,194
SUB7,48049.32609,195
SUB7,48077.61036,195
SUB7,48105.89463,194
SUB7,48125.89463,194
SUB7,48154.1789,194
SUB7,48182.46317,194
SUB7,48210.74744,194
SUB7,48239.03171,194
SUB7,48267.31599,194
SUB7,48295.60026,194
SUB7,48315.60026,194
SUB7,48335.60026,194
SUB7,48363.88453,193
SUB7,48392.1688,194
SUB7,48420.45307,194
SUB7,48448.73734,193
SUB7,48468.73734,193
SUB7,48497.02161,193
SUB7,48525.30588,193
SUB7,48545.30588,193
SUB7,48573.59016,193
SUB7,48593.59016,193
SUB7,48613.59016,193
SUB7,48641.87443,193
SUB7,48670.1587,193
SUB7,48698.44297,193
SUB7,48726.72724,192
SUB7,48746.72724,192
SUB7,48775.01151,192
SUB7,48795.01151,192
SUB7,48823.29578,192
SUB7,48843.29578,192
SUB7,48863.29578,192
SUB7,48883.29578,192
SUB7,48911.58005,191
SUB7,48939.86433,191
SUB7,48968.1486,191
SUB7,48988.1486,191
SUB7,49008.1486,191
SUB7,49028.1486,191
SUB7,49048.1486,191
SUB7,49076.43287,191
SUB7,49096.43287,191
SUB7,49116.43287,191
SUB7,49144.71714,191
SUB7,49164.71714,191
SUB7,49184.71714,191
SUB7,49204.71714,191
SUB7,49233.00141,191
SUB7,49253.00141,191
SUB7,49273.00141,191
SUB7,49293.00141,190
SUB7,49321.28568,190
SUB7,49341.28568,190
SUB7,49369.56995,190
SUB7,49397.85422,190
SUB7,49426.1385,190
SUB7,49446.1385,190
SUB7,49474.42277,190
SUB7,49494.42277,190
SUB7,49522.70704,190
SUB7,49550.99131,190
SUB7,49579.27558,190
SUB7,49607.55985,189
SUB7,49627.55985,189
SUB7,49647.55985,189
SUB7,49667.55985,188
SUB7,49695.84412,189
SUB7,49724.12839,189
SUB7,49752.41267,189
SUB7,49780.69694,189
SUB7,49808.98121,188
SUB7,49828.98121,188
SUB7,49857.26548,188
SUB7,49877.26548,188
SUB7,49905.54975,188
SUB7,49925.54975,188
SUB7,49945.54975,188
SUB7,49965.54975,188
SUB7,49985.54975,188
SUB7,50005.54975,187
SUB7,50025.54975,188
SUB7,50045.54975,188
SUB7,50073.83402,188
SUB7,50102.11829,187
SUB7,50130.40256,187
SUB7,50150.40256,187
SUB7,50178.68684,187
SUB7,50198.68684,187
SUB7,50226.97111,187
SUB7,50246.97111,187
SUB7,50275.25538,187
SUB7,50295.25538,187
SUB7,50323.53965,187
SUB7,50343.53965,187
SUB7,50363.53965,186
SUB7,50391.82392,187
SUB7,50420.10819,186
SUB7,50440.10819,186
SUB7,50460.10819,186
SUB7,50480.10819,186
SUB7,50500.10819,186
SUB7,50528.39246,186
SUB7,50548.39246,186
SUB7,50568.39246,186
SUB7,50588.39246,186
SUB7,50616.67673,186
SUB7,50644.96101,186
SUB7,50673.24528,186
SUB7,50693.24528,186
SUB7,50713.24528,185
SUB7,50741.52955,185
SUB7,50769.81382,185
SUB7,50789.81382,185
SUB7,50809.81382,185
SUB7,50829.81382,185
SUB7,50849.81382,185
SUB7,50878.09809,185
SUB7,50906.38236,185
SUB7,50926.38236,185
SUB7,50946.38236,185
SUB7,50966.38236,185
SUB7,50986.38236,185
SUB7,51006.38236,185
SUB7,51026.38236,185
SUB7,51054.66663,184
SUB7,51074.66663,184
SUB7,51094.66663,184
SUB7,51122.9509,184
SUB7,51142.9509,184
SUB7,51162.9509,184
SUB7,51182.9509,184
SUB7,51202.9509,184
SUB7,51222.9509,184
SUB7,51242.9509,183
SUB7,51262.9509,184
SUB7,51291.23518,184
SUB7,51319.51945,184
SUB7,51347.80372,184
SUB7,51376.08799,183
SUB7,51396.08799,183
SUB7,51416.08799,183
SUB7,51444.37226,183
SUB7,51472.65653,183
SUB7,51492.65653,183
SUB7,51512.65653,183
SUB7,51540.9408,183
SUB7,51560.9408,183
SUB7,51580.9408,183
SUB7,51600.9408,182
SUB7,51620.9408,182
SUB7,51640.9408,183
SUB7,51660.9408,183
SUB7,51689.22507,183
SUB7,51717.50935,183
SUB7,51745.79362,182
SUB7,51765.79362,182
SUB7,51785.79362,182
SUB7,51805.79362,182
SUB7,51825.79362,182
SUB7,51845.79362,182
SUB7,51865.79362,182
SUB7,51885.79362,182
SUB7,51905.79362,182
SUB7,51925.79362,182
SUB7,51954.07789,182
SUB7,51974.07789,181
SUB7,51994.07789,181
SUB7,52014.07789,181
SUB7,52034.07789,181
SUB7,52062.36216,181
SUB7,52090.64643,181
SUB7,52110.64643,181
SUB7,52138.9307,181
SUB7,52158.9307,181
SUB7,52178.9307,181
SUB7,52198.9307,181
SUB7,52218.9307,181
SUB7,52238.9307,181
SUB7,52258.9307,181
SUB7,52287.21497,181
SUB7,52315.49924,181
SUB7,52343.78352,180
SUB7,52372.06779,180
SUB7,52400.35206,180
SUB7,52420.35206,180
SUB7,52448.63633,180
SUB7,52468.63633,180
SUB7,52488.63633,180
SUB7,52508.63633,180
SUB7,52528.63633,180
SUB7,52556.9206,180
SUB7,52576.9206,180
SUB7,52596.9206,179
SUB7,52625.20487,179
SUB7,52653.48914,179
SUB7,52673.48914,179
SUB7,52693.48914,179
SUB7,52721.77341,179
SUB7,52741.77341,179
SUB7,52761.77341,179
SUB7,52790.05769,179
SUB7,52810.05769,179
SUB7,52830.05769,179
SUB7,52850.05769,179
SUB7,52870.05769,178
SUB7,52890.05769,178
SUB7,52918.34196,178
SUB7,52938.34196,178
SUB7,52966.62623,178
SUB7,52986.62623,178
SUB7,53014.9105,178
SUB7,53034.9105,178
SUB7,53063.19477,178
SUB7,53083.19477,177
SUB7,53111.47904,177
SUB7,53139.76331,177
SUB7,53159.76331,177
SUB7,53188.04758,177
SUB7,53216.33185,177
SUB7,53236.33185,178
SUB7,53264.61613,177
SUB7,53284.61613,177
SUB7,53304.61613,177
SUB7,53324.61613,177
SUB7,53352.9004,177
SUB7,53381.18467,177
SUB7,53401.18467,176
SUB7,53429.46894,176
SUB7,53457.75321,176
SUB7,53486.03748,176
SUB7,53514.32175,176
SUB7,53542.60603,176
SUB7,53570.8903,176
SUB7,53599.17457,176
SUB7,53627.45884,176
SUB7,53647.45884,176
SUB7,53675.74311,176
SUB7,53704.02738,175
SUB7,53732.31165,176
SUB7,53760.59592,176
SUB7,53788.8802,176
SUB7,53817.16447,175
SUB7,53837.16447,175
SUB7,53865.44874,175
SUB7,53885.44874,175
SUB7,53913.73301,175
SUB7,53942.01728,175
SUB7,53970.30155,175
SUB7,53990.30155,175
SUB7,54018.58582,175
SUB7,54038.58582,175
SUB7,54066.87009,175
SUB7,54095.15437,175
SUB7,54123.43864,174
SUB7,54151.72291,174
SUB7,54180.00718,174
SUB7,54208.29145,174
SUB7,54228.29145,174
SUB7,54256.57572,174
SUB7,54276.57572,174
SUB7,54304.85999,174
SUB7,54333.14426,174
SUB7,54353.14426,174
SUB7,54381.42854,174
SUB7,54401.42854,174
SUB7,54429.71281,174
SUB7,54449.71281,174
SUB7,54477.99708,174
SUB7,54506.28135,174
SUB7,54534.56562,173
SUB7,54562.84989,173
SUB7,54582.84989,173
SUB7,54611.13416,173
SUB7,54639.41843,173
SUB7,54667.70271,173
SUB7,54695.98698,173
SUB7,54724.27125,173
SUB7,54752.55552,173
SUB7,54780.83979,173
SUB7,54809.12406,173
SUB7,54837.40833,172
SUB7,54865.6926,173
SUB7,54893.97688,173
SUB7,54922.26115,173
SUB7,54950.54542,172
SUB7,54970.54542,172
SUB7,54990.54542,172
SUB7,55010.54542,172
SUB7,55038.82969,172
SUB7,55058.82969,172
SUB7,55087.11396,171
SUB7,55115.39823,172
SUB7,55135.39823,171
SUB7,55163.6825,172
SUB7,55183.6825,172
SUB7,55203.6825,172
SUB7,55223.6825,172
SUB7,55251.96677,171
SUB7,55271.96677,171
SUB7,55300.25105,171
SUB7,55328.53532,171
SUB7,55356.81959,171
SUB7,55376.81959,171
SUB7,55405.10386,171
SUB7,55425.10386,171
SUB7,55453.38813,171
SUB7,55473.38813,171
SUB7,55501.6724,170
SUB7,55521.6724,170
SUB7,55549.95667,170
SUB7,55569.95667,171
SUB7,55598.24094,171
SUB7,55618.24094,170
SUB8,0,415
SUB8,28.28427125,414
SUB8,48.28427125,413
SUB8,68.28427125,412
SUB8,88.28427125,410.9848328
SUB8,108.2842713,409
SUB8,128.2842713,407
SUB8,148.2842713,404.8323364
SUB8,168.2842713,402.2922669
SUB8,188.2842713,399.7277527
SUB8,208.2842713,397.1029663
SUB8,228.2842713,391
SUB8,256.5685425,388
SUB8,284.8528137,386
SUB8,313.137085,385
SUB8,333.137085,384
SUB8,353.137085,383
SUB8,381.4213562,383
SUB8,409.7056275,380
SUB8,437.9898987,383
SUB8,457.9898987,381
SUB8,477.9898987,376
SUB8,506.27417,375
SUB8,534.5584412,373
SUB8,562.8427125,373
SUB8,582.8427125,372
SUB8,611.1269837,370
SUB8,631.1269837,371
SUB8,659.411255,371
SUB8,679.411255,369
SUB8,699.411255,371
SUB8,727.6955262,368
SUB8,747.6955262,368
SUB8,775.9797975,368
SUB8,804.2640687,368
SUB8,832.54834,365
SUB8,852.54834,365
SUB8,872.54834,366
SUB8,900.8326112,365
SUB8,920.8326112,365
SUB8,949.1168825,364
SUB8,969.1168825,364
SUB8,997.4011537,363
SUB8,1025.685425,363
SUB8,1045.685425,363
SUB8,1073.969696,363
SUB8,1102.253967,362
SUB8,1122.253967,363
SUB8,1150.538239,361
SUB8,1178.82251,361
SUB8,1198.82251,362
SUB8,1227.106781,361
SUB8,1255.391052,360
SUB8,1275.391052,361
SUB8,1303.675324,361
SUB8,1331.959595,356
SUB8,1360.243866,356
SUB8,1388.528137,356
SUB8,1408.528137,356
SUB8,1436.812409,355
SUB8,1465.09668,355
SUB8,1493.380951,355
SUB8,1513.380951,355
SUB8,1533.380951,354
SUB8,1553.380951,353
SUB8,1573.380951,353
SUB8,1601.665222,353
SUB8,1621.665222,353
SUB8,1649.949494,353
SUB8,1678.233765,351
SUB8,1698.233765,352
SUB8,1718.233765,351
SUB8,1738.233765,351
SUB8,1758.233765,351
SUB8,1778.233765,351
SUB8,1798.233765,351
SUB8,1818.233765,350
SUB8,1838.233765,350
SUB8,1866.518036,349
SUB8,1894.802307,350
SUB8,1914.802307,350
SUB8,1943.086579,349
SUB8,1963.086579,349
SUB8,1983.086579,349
SUB8,2003.086579,349
SUB8,2023.086579,349
SUB8,2043.086579,349
SUB8,2063.086579,349
SUB8,2083.086579,348
SUB8,2111.37085,349
SUB8,2131.37085,348
SUB8,2151.37085,348
SUB8,2171.37085,347
SUB8,2191.37085,347
SUB8,2211.37085,347
SUB8,2231.37085,347
SUB8,2251.37085,347
SUB8,2271.37085,347
SUB8,2291.37085,347
SUB8,2311.37085,346
SUB8,2331.37085,346
SUB8,2351.37085,346
SUB8,2371.37085,346
SUB8,2399.655121,346
SUB8,2419.655121,346
SUB8,2447.939392,346
SUB8,2467.939392,346
SUB8,2496.223664,345
SUB8,2516.223664,345
SUB8,2544.507935,345
SUB8,2564.507935,345
SUB8,2584.507935,345
SUB8,2604.507935,345
SUB8,2624.507935,345
SUB8,2644.507935,345
SUB8,2664.507935,344
SUB8,2684.507935,344
SUB8,2712.792206,344
SUB8,2732.792206,344
SUB8,2752.792206,343
SUB8,2772.792206,343
SUB8,2801.076477,343
SUB8,2821.076477,343
SUB8,2849.360749,342
SUB8,2877.64502,342
SUB8,2905.929291,342
SUB8,2925.929291,342
SUB8,2954.213562,342
SUB8,2982.497834,341
SUB8,3002.497834,341
SUB8,3022.497834,341
SUB8,3050.782105,341
SUB8,3070.782105,341
SUB8,3090.782105,341
SUB8,3110.782105,341
SUB8,3130.782105,340
SUB8,3150.782105,341
SUB8,3170.782105,340
SUB8,3199.066376,339
SUB8,3219.066376,339
SUB8,3239.066376,339
SUB8,3259.066376,339
SUB8,3279.066376,339
SUB8,3307.350647,339
SUB8,3327.350647,339
SUB8,3347.350647,338
SUB8,3375.634919,338
SUB8,3395.634919,338
SUB8,3423.91919,337
SUB8,3443.91919,337
SUB8,3463.91919,337
SUB8,3483.91919,337
SUB8,3512.203461,337
SUB8,3540.487732,336
SUB8,3560.487732,337
SUB8,3580.487732,337
SUB8,3608.772004,336
SUB8,3637.056275,335
SUB8,3657.056275,336
SUB8,3677.056275,336
SUB8,3705.340546,335
SUB8,3725.340546,335
SUB8,3745.340546,335
SUB8,3765.340546,335
SUB8,3785.340546,335
SUB8,3805.340546,335
SUB8,3825.340546,335
SUB8,3853.624817,334
SUB8,3881.909089,333
SUB8,3901.909089,329
SUB8,3930.19336,323
SUB8,3950.19336,332
SUB8,3978.477631,332.3310852
SUB8,3998.477631,328.3795776
SUB8,4018.477631,322
SUB8,4038.477631,323
SUB8,4066.761902,322
SUB8,4086.761902,321
SUB8,4115.046174,322
SUB8,4135.046174,321
SUB8,4155.046174,321
SUB8,4183.330445,320
SUB8,4203.330445,321
SUB8,4231.614716,321
SUB8,4251.614716,320
SUB8,4271.614716,320
SUB8,4291.614716,320
SUB8,4319.898987,320
SUB8,4339.898987,320
SUB8,4359.898987,320
SUB8,4388.183259,319
SUB8,4416.46753,319
SUB8,4444.751801,319
SUB8,4473.036072,318
SUB8,4501.320344,318
SUB8,4529.604615,318
SUB8,4549.604615,318
SUB8,4569.604615,318
SUB8,4589.604615,318
SUB8,4609.604615,316
SUB8,4637.888886,317
SUB8,4657.888886,315
SUB8,4677.888886,315
SUB8,4697.888886,316
SUB8,4726.173157,315
SUB8,4746.173157,314
SUB8,4766.173157,315
SUB8,4794.457429,314
SUB8,4814.457429,314
SUB8,4842.7417,314
SUB8,4862.7417,314
SUB8,4891.025971,313
SUB8,4911.025971,313
SUB8,4939.310242,312
SUB8,4959.310242,312
SUB8,4979.310242,311
SUB8,5007.594514,313
SUB8,5027.594514,311
SUB8,5055.878785,311
SUB8,5084.163056,311
SUB8,5104.163056,310
SUB8,5124.163056,310
SUB8,5152.447327,310
SUB8,5172.447327,310
SUB8,5200.731599,309
SUB8,5220.731599,309
SUB8,5249.01587,309
SUB8,5277.300141,308
SUB8,5305.584412,308
SUB8,5333.868684,308
SUB8,5353.868684,308
SUB8,5382.152955,308
SUB8,5410.437226,308
SUB8,5438.721497,307
SUB8,5458.721497,307
SUB8,5487.005769,306
SUB8,5507.005769,306
SUB8,5527.005769,306
SUB8,5547.005769,306
SUB8,5567.005769,306
SUB8,5587.005769,306
SUB8,5607.005769,306
SUB8,5627.005769,305
SUB8,5647.005769,305
SUB8,5675.29004,305
SUB8,5695.29004,305
SUB8,5715.29004,305
SUB8,5743.574311,305
SUB8,5763.574311,305
SUB8,5783.574311,304
SUB8,5803.574311,305
SUB8,5831.858582,304
SUB8,5851.858582,303
SUB8,5871.858582,303
SUB8,5900.142854,304
SUB8,5928.427125,303
SUB8,5956.711396,303
SUB8,5984.995667,303
SUB8,6013.279939,303
SUB8,6041.56421,303
SUB8,6069.848481,302
SUB8,6089.848481,303
SUB8,6118.132752,302
SUB8,6138.132752,302
SUB8,6158.132752,303
SUB8,6178.132752,303
SUB8,6198.132752,302
SUB8,6226.417024,301
SUB8,6254.701295,301
SUB8,6274.701295,302
SUB8,6294.701295,303
SUB8,6322.985566,303
SUB8,6342.985566,302
SUB8,6371.269837,300
SUB8,6399.554109,300
SUB8,6427.83838,299
SUB8,6456.122651,299
SUB8,6484.406922,299
SUB8,6504.406922,299
SUB8,6532.691194,299
SUB8,6560.975465,299
SUB8,6589.259736,298
SUB8,6609.259736,298
SUB8,6637.544007,298
SUB8,6657.544007,298
SUB8,6677.544007,298
SUB8,6705.828278,298
SUB8,6734.11255,297
SUB8,6754.11255,296
SUB8,6782.396821,296
SUB8,6802.396821,297
SUB8,6830.681092,296
SUB8,6858.965363,296
SUB8,6887.249635,296
SUB8,6915.533906,296
SUB8,6935.533906,296
SUB8,6963.818177,295
SUB8,6983.818177,296
SUB8,7012.102448,295
SUB8,7032.102448,295
SUB8,7052.102448,295
SUB8,7072.102448,295
SUB8,7100.38672,294
SUB8,7120.38672,294
SUB8,7148.670991,293
SUB8,7176.955262,293
SUB8,7205.239533,293
SUB8,7233.523805,291
SUB8,7261.808076,292
SUB8,7290.092347,291
SUB8,7318.376618,294
SUB8,7346.66089,295
SUB8,7366.66089,295
SUB8,7394.945161,292
SUB8,7423.229432,292
SUB8,7451.513703,289
SUB8,7479.797975,287
SUB8,7508.082246,295
SUB8,7536.366517,288
SUB8,7564.650788,286
SUB8,7584.650788,287
SUB8,7612.93506,286
SUB8,7641.219331,285
SUB8,7669.503602,284
SUB8,7697.787873,284
SUB8,7726.072145,285
SUB8,7754.356416,284
SUB8,7782.640687,284
SUB8,7810.924958,284
SUB8,7839.20923,283
SUB8,7859.20923,284
SUB8,7887.493501,284
SUB8,7907.493501,283
SUB8,7935.777772,283
SUB8,7955.777772,283
SUB8,7984.062043,283
SUB8,8012.346315,282
SUB8,8040.630586,282
SUB8,8060.630586,282
SUB8,8088.914857,281
SUB8,8108.914857,281
SUB8,8137.199128,281
SUB8,8157.199128,281
SUB8,8177.199128,279
SUB8,8205.4834,280
SUB8,8233.767671,279
SUB8,8253.767671,281
SUB8,8282.051942,277
SUB8,8302.051942,278
SUB8,8330.336213,279
SUB8,8350.336213,278
SUB8,8370.336213,278
SUB8,8390.336213,278
SUB8,8410.336213,278
SUB8,8430.336213,278
SUB8,8450.336213,277
SUB8,8478.620485,278
SUB8,8498.620485,277
SUB8,8526.904756,277
SUB8,8546.904756,277
SUB8,8575.189027,276
SUB8,8595.189027,276
SUB8,8623.473298,276
SUB8,8643.473298,276
SUB8,8663.473298,276
SUB8,8691.75757,276
SUB8,8711.75757,275
SUB8,8731.75757,275
SUB8,8751.75757,275
SUB8,8771.75757,275
SUB8,8791.75757,275
SUB8,8811.75757,275
SUB8,8831.75757,275
SUB8,8860.041841,274
SUB8,8888.326112,273
SUB8,8916.610383,274
SUB8,8936.610383,275
SUB8,8956.610383,275
SUB8,8976.610383,273
SUB8,8996.610383,272
SUB8,9016.610383,272
SUB8,9036.610383,275
SUB8,9064.894655,272
SUB8,9084.894655,272
SUB8,9104.894655,273
SUB8,9124.894655,272
SUB8,9144.894655,272
SUB8,9173.178926,273
SUB8,9201.463197,274
SUB8,9229.747468,271
SUB8,9249.747468,271
SUB8,9269.747468,271
SUB8,9289.747468,272
SUB8,9309.747468,275
SUB8,9338.03174,268
SUB8,9358.03174,268
SUB8,9378.03174,267
SUB8,9398.03174,274
SUB8,9426.316011,266
SUB8,9454.600282,265
SUB8,9482.884553,267
SUB8,9502.884553,269
SUB8,9531.168825,267
SUB8,9551.168825,267
SUB8,9571.168825,266
SUB8,9591.168825,269
SUB8,9619.453096,268
SUB8,9647.737367,275
SUB8,9667.737367,265
SUB8,9696.021638,265
SUB8,9724.30591,265
SUB8,9752.590181,264
SUB8,9772.590181,264
SUB8,9800.874452,264
SUB8,9820.874452,263
SUB8,9840.874452,263
SUB8,9869.158723,263
SUB8,9889.158723,262
SUB8,9909.158723,263
SUB8,9937.442995,262
SUB8,9957.442995,262
SUB8,9977.442995,262
SUB8,9997.442995,261
SUB8,10017.443,261
SUB8,10037.443,261
SUB8,10057.443,261
SUB8,10077.443,261
SUB8,10105.72727,261
SUB8,10125.72727,261
SUB8,10145.72727,260
SUB8,10165.72727,261
SUB8,10185.72727,261
SUB8,10214.01154,261
SUB8,10234.01154,260
SUB8,10262.29581,260
SUB8,10290.58008,259
SUB8,10318.86435,259
SUB8,10347.14862,258
SUB8,10367.14862,258
SUB8,10395.43289,258
SUB8,10423.71717,257
SUB8,10452.00144,258
SUB8,10480.28571,257
SUB8,10508.56998,257
SUB8,10536.85425,257
SUB8,10556.85425,257
SUB8,10576.85425,257
SUB8,10596.85425,257
SUB8,10625.13852,256
SUB8,10645.13852,257
SUB8,10665.13852,257
SUB8,10685.13852,256
SUB8,10705.13852,256
SUB8,10733.42279,256
SUB8,10761.70706,255.1734009
SUB8,10781.70706,255
SUB8,10801.70706,255
SUB8,10829.99133,255
SUB8,10849.99133,255
SUB8,10869.99133,255
SUB8,10889.99133,254
SUB8,10909.99133,254
SUB8,10938.27561,254
SUB8,10966.55988,253
SUB8,10994.84415,254
SUB8,11014.84415,254
SUB8,11034.84415,254
SUB8,11054.84415,254
SUB8,11083.12842,254
SUB8,11111.41269,254
SUB8,11139.69696,253
SUB8,11159.69696,253
SUB8,11179.69696,252
SUB8,11207.98123,252
SUB8,11236.2655,252
SUB8,11264.54978,251
SUB8,11292.83405,251
SUB8,11312.83405,252
SUB8,11341.11832,252
SUB8,11369.40259,250
SUB8,11389.40259,251
SUB8,11409.40259,250
SUB8,11429.40259,250
SUB8,11449.40259,250
SUB8,11469.40259,251
SUB8,11489.40259,250
SUB8,11509.40259,250
SUB8,11537.68686,249
SUB8,11565.97113,250
SUB8,11585.97113,249
SUB8,11605.97113,250
SUB8,11625.97113,249
SUB8,11645.97113,250
SUB8,11665.97113,249
SUB8,11685.97113,250
SUB8,11705.97113,249
SUB8,11725.97113,249
SUB8,11754.2554,249
SUB8,11782.53967,248
SUB8,11802.53967,248
SUB8,11822.53967,248
SUB8,11850.82395,247
SUB8,11870.82395,247
SUB8,11899.10822,247
SUB8,11919.10822,247
SUB8,11947.39249,247
SUB8,11967.39249,247
SUB8,11987.39249,247
SUB8,12007.39249,247
SUB8,12027.39249,246
SUB8,12055.67676,245
SUB8,12075.67676,246
SUB8,12103.96103,245
SUB8,12132.2453,245
SUB8,12160.52957,245
SUB8,12188.81384,244
SUB8,12208.81384,245
SUB8,12228.81384,245
SUB8,12248.81384,245
SUB8,12268.81384,245
SUB8,12288.81384,245
SUB8,12308.81384,245
SUB8,12328.81384,245
SUB8,12357.09812,244
SUB8,12385.38239,244
SUB8,12413.66666,243
SUB8,12433.66666,243
SUB8,12453.66666,243
SUB8,12473.66666,243
SUB8,12493.66666,243
SUB8,12513.66666,243
SUB8,12533.66666,242
SUB8,12561.95093,242
SUB8,12590.2352,242
SUB8,12618.51947,241
SUB8,12638.51947,241
SUB8,12658.51947,242
SUB8,12678.51947,242
SUB8,12698.51947,242
SUB8,12718.51947,241
SUB8,12738.51947,240
SUB8,12758.51947,242
SUB8,12778.51947,241
SUB8,12798.51947,241
SUB8,12826.80374,240
SUB8,12846.80374,240
SUB8,12866.80374,240
SUB8,12895.08801,240
SUB8,12923.37229,239
SUB8,12943.37229,240
SUB8,12971.65656,239
SUB8,12991.65656,240
SUB8,13011.65656,240
SUB8,13039.94083,240
SUB8,13059.94083,240
SUB8,13079.94083,239
SUB8,13099.94083,239
SUB8,13128.2251,239
SUB8,13148.2251,239
SUB8,13168.2251,239
SUB8,13188.2251,239
SUB8,13208.2251,238
SUB8,13228.2251,238
SUB8,13256.50937,238
SUB8,13276.50937,238
SUB8,13304.79364,238
SUB8,13324.79364,238
SUB8,13353.07791,238
SUB8,13381.36218,237
SUB8,13401.36218,237
SUB8,13421.36218,236
SUB8,13441.36218,237
SUB8,13461.36218,237
SUB8,13481.36218,237
SUB8,13509.64646,236
SUB8,13529.64646,237
SUB8,13549.64646,236
SUB8,13569.64646,236
SUB8,13589.64646,236
SUB8,13617.93073,236
SUB8,13637.93073,236
SUB8,13657.93073,236
SUB8,13686.215,236
SUB8,13714.49927,235
SUB8,13734.49927,235
SUB8,13754.49927,235
SUB8,13782.78354,235
SUB8,13802.78354,235
SUB8,13822.78354,235
SUB8,13851.06781,235
SUB8,13879.35208,234
SUB8,13899.35208,234
SUB8,13927.63635,234
SUB8,13947.63635,234
SUB8,13975.92063,234
SUB8,14004.2049,234
SUB8,14032.48917,233
SUB8,14060.77344,233
SUB8,14089.05771,233
SUB8,14117.34198,233
SUB8,14137.34198,233
SUB8,14165.62625,233
SUB8,14193.91052,232
SUB8,14222.1948,232
SUB8,14242.1948,232
SUB8,14262.1948,232
SUB8,14290.47907,231
SUB8,14318.76334,231
SUB8,14347.04761,231
SUB8,14375.33188,230
SUB8,14395.33188,230
SUB8,14415.33188,230
SUB8,14443.61615,229
SUB8,14471.90042,230
SUB8,14500.18469,230
SUB8,14528.46897,230
SUB8,14556.75324,229
SUB8,14585.03751,229
SUB8,14605.03751,229
SUB8,14625.03751,229
SUB8,14653.32178,229
SUB8,14681.60605,228
SUB8,14709.89032,229
SUB8,14738.17459,228
SUB8,14758.17459,228
SUB8,14778.17459,228
SUB8,14798.17459,228
SUB8,14826.45886,228
SUB8,14854.74314,227
SUB8,14883.02741,227
SUB8,14903.02741,227
SUB8,14923.02741,227
SUB8,14943.02741,227
SUB8,14963.02741,226
SUB8,14991.31168,227
SUB8,15011.31168,226
SUB8,15039.59595,226
SUB8,15059.59595,226
SUB8,15079.59595,226
SUB8,15107.88022,226
SUB8,15127.88022,226
SUB8,15147.88022,226
SUB8,15176.16449,226
SUB8,15204.44876,226
SUB8,15232.73303,225
SUB8,15261.01731,225
SUB8,15289.30158,225
SUB8,15317.58585,225
SUB8,15345.87012,225
SUB8,15374.15439,225
SUB8,15394.15439,225
SUB8,15422.43866,225
SUB8,15450.72293,225
SUB8,15470.72293,225
SUB8,15499.0072,225
SUB8,15527.29148,224
SUB8,15555.57575,224
SUB8,15575.57575,224
SUB8,15595.57575,224
SUB8,15623.86002,223
SUB8,15652.14429,224
SUB8,15680.42856,223
SUB8,15700.42856,224
SUB8,15728.71283,224
SUB8,15756.9971,223
SUB8,15785.28137,223
SUB8,15813.56565,223
SUB8,15841.84992,223
SUB8,15861.84992,223
SUB8,15890.13419,222
SUB8,15918.41846,222
SUB8,15946.70273,222
SUB8,15966.70273,222
SUB8,15986.70273,222
SUB8,16006.70273,222
SUB8,16034.987,222
SUB8,16054.987,222
SUB8,16074.987,222
SUB8,16094.987,222
SUB8,16114.987,222
SUB8,16134.987,222
SUB8,16154.987,222
SUB8,16174.987,221
SUB8,16203.27127,221
SUB8,16231.55554,221
SUB8,16251.55554,221
SUB8,16271.55554,221
SUB8,16291.55554,221
SUB8,16319.83982,220
SUB8,16339.83982,220
SUB8,16359.83982,221
SUB8,16388.12409,221
SUB8,16408.12409,220
SUB8,16436.40836,220
SUB8,16464.69263,220
SUB8,16492.9769,219
SUB8,16512.9769,220
SUB8,16532.9769,220
SUB8,16561.26117,219
SUB8,16581.26117,219
SUB8,16609.54544,219
SUB8,16629.54544,219
SUB8,16657.82971,219
SUB8,16677.82971,219
SUB8,16697.82971,219
SUB8,16717.82971,219
SUB8,16737.82971,219
SUB8,16766.11399,219
SUB8,16794.39826,219
SUB8,16814.39826,219
SUB8,16842.68253,219
SUB8,16870.9668,219
SUB8,16899.25107,219
SUB8,16927.53534,219
SUB8,16955.81961,218
SUB8,16984.10388,218
SUB8,17004.10388,218
SUB8,17032.38816,218
SUB8,17052.38816,217
SUB8,17072.38816,218
SUB8,17100.67243,217
SUB8,17120.67243,217
SUB8,17148.9567,217
SUB8,17177.24097,217
SUB8,17197.24097,217
SUB8,17217.24097,217
SUB8,17245.52524,217
SUB8,17273.80951,217
SUB8,17293.80951,217
SUB8,17322.09378,217
SUB8,17350.37805,216
SUB8,17378.66233,216
SUB8,17398.66233,216
SUB8,17426.9466,216
SUB8,17455.23087,216
SUB8,17475.23087,216
SUB8,17503.51514,216
SUB8,17523.51514,216
SUB8,17543.51514,216
SUB8,17563.51514,216
SUB8,17591.79941,215
SUB8,17620.08368,215
SUB8,17648.36795,215
SUB8,17676.65222,215
SUB8,17704.9365,215
SUB8,17733.22077,215
SUB8,17761.50504,215
SUB8,17789.78931,215
SUB8,17818.07358,214
SUB8,17846.35785,214
SUB8,17866.35785,214
SUB8,17886.35785,214
SUB8,17914.64212,214
SUB8,17942.92639,214
SUB8,17971.21067,214
SUB8,17999.49494,213
SUB8,18027.77921,213
SUB8,18056.06348,213
SUB8,18084.34775,213
SUB8,18112.63202,213
SUB8,18132.63202,213
SUB8,18160.91629,212
SUB8,18180.91629,212
SUB8,18209.20056,212
SUB8,18237.48484,212
SUB8,18265.76911,212
SUB8,18294.05338,211
SUB8,18322.33765,211
SUB8,18350.62192,211
SUB8,18378.90619,211
SUB8,18398.90619,211
SUB8,18418.90619,211
SUB8,18447.19046,211
SUB8,18467.19046,211
SUB8,18487.19046,211
SUB8,18515.47473,211
SUB8,18543.75901,210
SUB8,18563.75901,210
SUB8,18583.75901,210
SUB8,18612.04328,210
SUB8,18640.32755,210
SUB8,18660.32755,210
SUB8,18680.32755,210
SUB8,18700.32755,210
SUB8,18720.32755,210
SUB8,18748.61182,209
SUB8,18776.89609,209
SUB8,18805.18036,209
SUB8,18833.46463,209
SUB8,18853.46463,209
SUB8,18881.7489,209
SUB8,18910.03318,209
SUB8,18938.31745,209
SUB8,18966.60172,208
SUB8,18986.60172,208
SUB8,19006.60172,208
SUB8,19026.60172,208
SUB8,19054.88599,208
SUB8,19074.88599,208
SUB8,19103.17026,208
SUB8,19131.45453,208
SUB8,19159.7388,207
SUB8,19188.02307,207
SUB8,19208.02307,207
SUB8,19228.02307,207
SUB8,19256.30735,207
SUB8,19276.30735,207
SUB8,19296.30735,206
SUB8,19324.59162,206
SUB8,19352.87589,207
SUB8,19381.16016,207
SUB8,19409.44443,206
SUB8,19429.44443,206
SUB8,19449.44443,206
SUB8,19469.44443,206
SUB8,19489.44443,206
SUB8,19509.44443,206
SUB8,19529.44443,206
SUB8,19549.44443,206
SUB8,19569.44443,206
SUB8,19589.44443,206
SUB8,19617.7287,205
SUB8,19637.7287,205
SUB8,19657.7287,205
SUB8,19677.7287,205
SUB8,19697.7287,205
SUB8,19717.7287,205
SUB8,19737.7287,205
SUB8,19766.01297,205
SUB8,19794.29724,205
SUB8,19814.29724,205
SUB8,19842.58152,205
SUB8,19862.58152,205
SUB8,19882.58152,205
SUB8,19910.86579,204
SUB8,19930.86579,204
SUB8,19950.86579,204
SUB8,19970.86579,204
SUB8,19990.86579,204
SUB8,20010.86579,204
SUB8,20039.15006,204
SUB8,20059.15006,204
SUB8,20087.43433,203
SUB8,20107.43433,203
SUB8,20127.43433,203
SUB8,20147.43433,203
SUB8,20167.43433,203
SUB8,20187.43433,203
SUB8,20207.43433,203
SUB8,20227.43433,203
SUB8,20255.7186,203
SUB8,20275.7186,203
SUB8,20295.7186,202
SUB8,20315.7186,202
SUB8,20335.7186,202
SUB8,20355.7186,202
SUB8,20375.7186,202
SUB8,20395.7186,202
SUB8,20415.7186,202
SUB8,20435.7186,202
SUB8,20455.7186,202
SUB8,20475.7186,202
SUB8,20504.00287,202
SUB8,20532.28714,202
SUB8,20560.57141,202
SUB8,20588.85569,202
SUB8,20617.13996,201
SUB8,20637.13996,201
SUB8,20657.13996,201
SUB8,20677.13996,201
SUB8,20697.13996,201
SUB8,20717.13996,201
SUB8,20745.42423,201
SUB8,20765.42423,201
SUB8,20785.42423,201
SUB8,20805.42423,201
SUB8,20825.42423,201
SUB8,20853.7085,201
SUB8,20873.7085,200
SUB8,20893.7085,201
SUB8,20913.7085,201
SUB8,20933.7085,200
SUB8,20953.7085,200
SUB8,20973.7085,200
SUB8,20993.7085,200
SUB8,21013.7085,200
SUB8,21041.99277,200
SUB8,21061.99277,200
SUB8,21081.99277,200
SUB8,21101.99277,200
SUB8,21121.99277,200
SUB8,21141.99277,200
SUB8,21170.27704,199
SUB8,21190.27704,199
SUB8,21218.56131,199
SUB8,21238.56131,199
SUB8,21258.56131,199
SUB8,21278.56131,199
SUB8,21298.56131,199
SUB8,21326.84558,199
SUB8,21355.12986,199
SUB8,21383.41413,199
SUB8,21411.6984,199
SUB8,21439.98267,198
SUB8,21459.98267,198
SUB8,21488.26694,198
SUB8,21516.55121,198
SUB8,21536.55121,198
SUB8,21564.83548,198
SUB8,21584.83548,198
SUB8,21613.11975,198
SUB8,21633.11975,198
SUB8,21653.11975,198
SUB8,21673.11975,197
SUB8,21701.40403,197
SUB8,21721.40403,197
SUB8,21749.6883,197
SUB8,21769.6883,197
SUB8,21797.97257,197
SUB8,21817.97257,197
SUB8,21837.97257,197
SUB8,21857.97257,197
SUB8,21886.25684,197
SUB8,21914.54111,197
SUB8,21942.82538,197
SUB8,21971.10965,196
SUB8,21991.10965,196
SUB8,22011.10965,196
SUB8,22039.39392,196
SUB8,22059.39392,196
SUB8,22079.39392,196
SUB8,22099.39392,196
SUB8,22119.39392,196
SUB8,22139.39392,196
SUB8,22159.39392,196
SUB8,22187.6782,196
SUB8,22207.6782,196
SUB8,22235.96247,196
SUB8,22264.24674,195
SUB8,22292.53101,195
SUB8,22312.53101,195
SUB8,22332.53101,195
SUB8,22360.81528,195
SUB8,22380.81528,195
SUB8,22400.81528,195
SUB8,22429.09955,195
SUB8,22449.09955,195
SUB8,22469.09955,195
SUB8,22489.09955,195
SUB8,22509.09955,195
SUB8,22537.38382,194
SUB8,22557.38382,194
SUB8,22577.38382,194
SUB8,22597.38382,194
SUB8,22617.38382,194
SUB8,22637.38382,194
SUB8,22657.38382,194
SUB8,22677.38382,194
SUB8,22697.38382,194
SUB8,22725.66809,194
SUB8,22753.95237,194
SUB8,22773.95237,194
SUB8,22802.23664,194
SUB8,22822.23664,194
SUB8,22842.23664,193
SUB8,22862.23664,194
SUB8,22882.23664,194
SUB8,22902.23664,193
SUB8,22922.23664,193
SUB8,22950.52091,193
SUB8,22970.52091,193
SUB8,22990.52091,193
SUB8,23018.80518,193
SUB8,23038.80518,193
SUB8,23067.08945,193
SUB8,23087.08945,193
SUB8,23115.37372,193
SUB8,23135.37372,193
SUB8,23155.37372,193
SUB8,23183.65799,192
SUB8,23203.65799,192
SUB8,23223.65799,192
SUB8,23243.65799,192
SUB8,23263.65799,192
SUB8,23291.94226,192
SUB8,23311.94226,192
SUB8,23331.94226,192
SUB8,23360.22654,191
SUB8,23388.51081,191
SUB8,23416.79508,191
SUB8,23436.79508,191
SUB8,23465.07935,191
SUB8,23493.36362,191
SUB8,23513.36362,191
SUB8,23541.64789,191
SUB8,23561.64789,191
SUB8,23589.93216,191
SUB8,23609.93216,191
SUB8,23629.93216,191
SUB8,23658.21643,191
SUB8,23678.21643,191
SUB8,23698.21643,191
SUB8,23726.50071,191
SUB8,23746.50071,191
SUB8,23774.78498,191
SUB8,23794.78498,191
SUB8,23814.78498,190
SUB8,23834.78498,190
SUB8,23863.06925,190
SUB8,23883.06925,190
SUB8,23903.06925,190
SUB8,23923.06925,190
SUB8,23943.06925,190
SUB8,23971.35352,190
SUB8,23991.35352,189
SUB8,24019.63779,190
SUB8,24047.92206,190
SUB8,24076.20633,189
SUB8,24104.4906,189
SUB8,24124.4906,189
SUB8,24152.77488,189
SUB8,24172.77488,189
SUB8,24192.77488,189
SUB8,24212.77488,189
SUB8,24241.05915,189
SUB8,24261.05915,189
SUB8,24281.05915,189
SUB8,24301.05915,189
SUB8,24329.34342,189
SUB8,24357.62769,189
SUB8,24385.91196,189
SUB8,24414.19623,189
SUB8,24442.4805,188
SUB8,24470.76477,188
SUB8,24499.04905,188
SUB8,24527.33332,187
SUB8,24547.33332,188
SUB8,24567.33332,188
SUB8,24587.33332,188
SUB8,24615.61759,188
SUB8,24635.61759,188
SUB8,24655.61759,188
SUB8,24675.61759,188
SUB8,24695.61759,188
SUB8,24723.90186,188
SUB8,24743.90186,188
SUB8,24763.90186,188
SUB8,24783.90186,187
SUB8,24803.90186,187
SUB8,24832.18613,187
SUB8,24852.18613,187
SUB8,24880.4704,187
SUB8,24908.75467,187
SUB8,24937.03894,187
SUB8,24957.03894,187
SUB8,24985.32322,187
SUB8,25013.60749,187
SUB8,25033.60749,187
SUB8,25053.60749,187
SUB8,25073.60749,187
SUB8,25101.89176,187
SUB8,25130.17603,187
SUB8,25158.4603,186
SUB8,25178.4603,186
SUB8,25198.4603,186
SUB8,25226.74457,186
SUB8,25246.74457,186
SUB8,25275.02884,186
SUB8,25295.02884,186
SUB8,25323.31311,185
SUB8,25343.31311,185
SUB8,25371.59739,185
SUB8,25391.59739,185
SUB8,25411.59739,185
SUB8,25439.88166,185
SUB8,25459.88166,185
SUB8,25479.88166,185
SUB8,25508.16593,185
SUB8,25528.16593,185
SUB8,25548.16593,185
SUB8,25568.16593,185
SUB8,25588.16593,185
SUB8,25608.16593,185
SUB8,25636.4502,185
SUB8,25664.73447,185
SUB8,25693.01874,185
SUB8,25713.01874,185
SUB8,25733.01874,185
SUB8,25761.30301,185
SUB8,25781.30301,185
SUB8,25809.58728,184
SUB8,25837.87156,184
SUB8,25866.15583,184
SUB8,25894.4401,184
SUB8,25922.72437,184
SUB8,25951.00864,184
SUB8,25979.29291,183
